author,content
三巡不归,提到前夫唐某的所作所为我就咬牙切齿尤其是在拉姆的母亲离世后他就更加的胡作非为可惜奈何拉姆的心太软坚定丈夫会为了孩子改变没想到换来的是他的横行无忌变本加厉无奈之下两人的感情走到了终点在离婚后唐某还经常发送短信威胁拉姆利用两个孩子逼其就范一个母亲若不是让未来孩子们走的更远又怎会舍得在风吹雨打之下不顾艰险的上山采药争取抚养权也正是为了能够两个小孩儿可以茁壮成长不再重蹈覆辙的这个想法逼得她进退两难从而选择了一而再再而三的妥协或许让唐某选择走向极端和拉姆的直播做得好有关所以他才会心生不满怒气冲冲的闯入家门不仅对她用刀威胁而且还给她的一身泼上了汽油遗憾的是面对唐某的凶残拉姆让自己的父亲早点离开保护好自己没有反抗之力的拉姆父亲只能打电话等待警方救援说到这里我心乱如麻如果拉姆早一点有壮士断腕的勇气也就不会有今天的不幸悲惨如果拉姆的家人能够及时让两个人断去联系也就不会有今天的深痛遗憾最后这个纵火烧人的唐某不仅影响恶劣而且还罪大恶极若不从重处罚难以抚平家属之痛难以安我们的雷霆之怒
明·涛,唐某因涉嫌故意杀人罪已于年月日晚被公安机关挡获归案这个罪名和我一早认为的罪名不一致最终等待法院给出其罪行相适应的判决从公安的立案角度看唐某的主观动机是将拉姆杀死其他的只是手段其主观动机极为卑劣手段及其残忍没有自首坦白立功等情节虽然还有两个孩子需要抚养但是不易适用故意杀人罪的从轻减轻情节应判决的死立执希望叫坏人绳之以法逝者安息前夫的行为令人无法接受一日夫妻百日恩用此残暴的手段显然丧失人性前夫利用纵火焚身的方式将拉姆严重烧伤并导致最终去世我个人觉得他已经涉嫌故意伤害依据刑法第二百三十四条故意伤害他人身体的处三年以下有期徒刑拘役或者管制犯前款罪致人重伤的处三年以上十年以下有期徒刑致人死亡或者以特别残忍手段致人重伤造成严重残疾的处十年以上有期徒刑无期徒刑或者死刑本法另有规定的依照规定而本案中前夫的行为已经产生死亡的加重后果并手段极其残忍社会影响极其恶劣死刑对他而言并不过分对于经常或习惯性使用暴力的婚姻相对方来说在自身无能力进行躲藏或躲避的情况下这个时候就一定要寻求其他人的帮助在连续发生暴力且持续危机自己人身安全的情况下求助左邻右舍求助当地社区街道救助当地警方各级政府街道社区警方应该建立健全一套如何应对或帮助受暴者暂时躲避暴力的预防手段和暂时提供安全场所尽可能的远离这些施暴人对于警方来说施暴者只有零和有的区别虽然家庭吵架轻微身体接触属于家庭纠纷警方不便介入但是如果一但上升到危及人身安全上警方应该不是消极的语言警告是否可以采取一定的措施加以预防当然这个会无形中加大警方的压力和责任但是警方是受宝者最后依靠的港湾了恋爱结婚前选好人选对人不要盲目通过外表去认可一个人要深入了解毕竟婚姻一辈子幸福才是最终的目前社会有一个非常迫切的事实需要解决那就是离婚后另一方的不停骚扰行为有的是为了经济有的为了复婚有的为了孩子有的想法更龌龊更严重的是继续持续将婚姻存续期间的暴力持续到离婚后到生活状态这个需要有一个折中的解决方案对于离婚后的人能做朋友最好做不了朋友就各走独木桥最好各自安好也是一种尊重
多伦多豪,最近因为感情上的问题而故意杀人的事件有点多这些事情都有一个共性特点分手或离婚并且一般都是男方动的手从去年算起比较轰动的算是抖音女网红陈某某在与男朋友吴益栋分手后男方在闹市当街将其割喉详细的案情分析可以戳下面链接如何看待慈溪女教师割喉案罪犯吴益栋月日被执行死刑当日受害者家遭罪犯家属围堵经法院层层认定复核对吴益栋做出了死刑的处罚前段时间还有个新闻一个已有家室的男子拼命追求当地离异单身的化妆店老板对方不答应该男子自我感动式地离婚后第二天一大早就把对方杀了如何看待男子逼婚不成刀杀害女方案发前半个月男子还在直播中扬言杀人一事昨天邯郸某公职人员和女友分手后气不过以杀人的故意驾车碾压前女友结果前女友受重伤入院今天网红拉姆前夫泼汽油焚烧的事情终于尘埃落定这些事件深刻地折射出一个问题在分手不爱时我们究竟该如何自保前几天我在微博上发起了一个投票你觉得分手时避免对方报复的最好方法是什么多数人的选择是直接切断联系拒绝藕断丝连其实也是分手后说多了容易犯错特别有些人情绪特容易激动你指不定哪句话激怒了他他真的会跟你拼命至于本案专业的法律分析前面大咖明涛已经分析的很透彻了相信大家基于朴素的情感也能做出正确的判断我们就来聊聊有哪些手段能保护我们免受前男友女友的伤害首先就是分手后别继续吊着搞暧昧有多少人追你并不是你值得炫耀的资本玫瑰的鲜艳一定是有扎手的荆棘作伴养一堆舔狗表面风光舔狗也是有尊严和脾气的到时候搞你一下真的可能这辈子就毁了其次如果对方多次表现了骚扰性行为一定要及时切断同他的各种联系比如换个社交账号和电话号码对他复合的愿望要予以明确的拒绝如果真的避不开比如他知道你的工作单位地点可以寻求其他人的帮助尽量不要当众羞辱对方一番他坚持不了多久的一个月半年一年我不相信有这么执着的人一般能坚持一年以上的都是双方仍有一定程度的互动不停地给予希望结果玩火自焚最后还是找个伴侣吧两个人的力量还是要比一个人的力量大得多一般有伴侣后正常人都会知趣的离开真不离开的他也不敢明目张胆地骚扰你要是他敢在网上对你进行侮辱诽谤那完全可以挥起法律的大棒锤他耶稣有句名言叫做上帝的归上帝凯撒的归凯撒并不是所有事情都可以通过法律来调节像感情上的事法律永远是事后诸葛亮事情发生再去解决就晚了法律的归法律道德的归道德不要觉得道德没什么用在感情生活中放纵自己游戏人生任何事情都是有代价的只是来的早与晚罢了
虚日zZ,为了怕看到有关巴掌鸡蛋的言论今儿在这我先喷为敬我真的看到一个巴掌拍不响这句话都有点生理不适我拜托想弄点不同立场能不能换个词一定要在每个争议事件下都发这句咋滴一个人要另一个人的命在你这就纯扇拍巴掌的问题呗这种评论的我见一个拉黑一个三观不正她和她前夫怎么相处这种是私人的问题离婚后俩人有怎样的矛盾也不构成要人命理由您又有什么证据证明一个巴掌呕呕说说拉姆这个姑娘我很早就关注她那会她没啥粉丝也是我关注为数不多的几个人其中之一她真的是个与众不同的姑娘很淳朴也很正能量的姑娘其实在抖音她没出事之前那十几万粉压根算不得什么网红因为出了事被贴上个网红标签很多人是看都不看内容看到网红俩字就先开始喷她不同于那些搔首弄姿的网红她身上可以说是让人看到难得一见的纯真眼睛除了星星没有杂质的清澈每天发的视频永远都在山上干活陪爸爸干活在院子里干活闲暇之余穿上藏袍唱首歌穿的随意吃的随意赚到钱也不掩饰的和大家分享告诉大家她劳动多少天赚了多少钱开心的像个孩子偶尔视频里还会透漏自己离婚了独自带着俩孩子不去山上的时候还需要去厂子里兼职赚钱养孩子多好的一个姑娘现在变成这个样子看着都让人心疼就是这样的一个姑娘她怎么就活该承受你一个巴掌呕积点口德吧然鹅今天还有人在质疑抹黑这个姑娘说她劳动都是作秀因为她漂亮身材好还有人说被火烧是炒作对这个空长个天灵盖的人都不想去和他讲道理说她大儿子不是自己生的我今天翻遍她的抖音请你们看看这双手累得像个男人的手这不是一双劳动的手吗至于儿子都是她的孩子凭空造谣的人去中伤一个苦命的女人良心让狗吃了
怂喵rise,我第一次看一个案件能看到心痛不已一个贫困户家里的顶梁柱一个天天满脸笑容一个无论是上山采药还是下山回家再怎么辛苦也会乐呵呵的把欢乐带给大家的女人结果就在直播时被前夫泼汽油烧到重症在警方最终调查出来前希望大家不要过度讨论不要随意猜测我在公众号里看到这篇文章的时候下面竟然还随意猜测拉姆在抖音火了之后与前夫离婚才遭到报复截图为魔都囡公众号的留言侵删能不能不要造谣能不能不要诋毁啊前段时间嵩县被男友当街杀害的女生家属遭到网友的诋毁跟造谣时原本就因失去亲人受到伤害又因网友们增添二次伤害为什么要让受害者及其家属们在身体受创的同时还要再经历心灵上更大的伤害呢做一个善良的人真不难在适当的时候闭嘴就行了
红星新闻,网红拉姆遭前夫纵火焚烧重度烧伤已转院成都表姐她病情危重仍重度昏迷红星新闻月日红星新闻首发报道了网红拉姆在家中上直播时被前夫用汽油焚烧重度烧伤病情危重送医后家人在网络上发起筹款一天之内网友接力捐献万元爱心款为这个贫困的家庭缓解了燃眉之急红星新闻此前报道网红拉姆直播时遭前夫纵火焚烧重度烧伤一天内网友捐助万爱心款月日阿坝州金川县公安局通报月日时分许金川县观音桥镇麦斯卡村村民阿某某在家中被前夫唐某烧伤接到报警后金川县公安局及时组织警力开展案件调查相关工作目前犯罪嫌疑人已被警方控制伤者已送往阿坝州人民医院接受治疗案件正在进一步侦办中红星新闻报道发出后拉姆的遭遇引起了众多网友的关注月日上午红星新闻记者得知由于病情严重拉姆已经转院到成都一家医院目前仍在重症监护室抢救当天中午拉姆姐姐更新抖音视频表示关心妹妹的朋友们非常感谢大家的帮助昨天日妹妹已经转院到四川省人民医院目前还在重症监护室再次谢谢大家月日中午点左右红星新闻记者来到该医院烧伤科一位病友告诉记者她也关注了拉姆的抖音看过她的视频没想到发生了这样的事昨天日听到医生和拉姆家人沟通时得知拉姆病情严重要转入四川省人民医院重症监护病房月日拉姆在成都的表姐罗罗告诉红星新闻记者妹妹拉姆于前天转入成都的医院她也去医院探望了目前妹妹还在重症监护室里抢救医生说烧伤百分之九十很严重自己仍未见到在的妹妹她舅舅姐夫一起来的成都说人整个都被烧了特别是手已经蜷缩就算能救活生活恐怕都不能自理了拉姆此前在阿坝当地医院接受抢救丨图据受访者男的有家暴还打过拉姆的姐姐有第一个小孩的时候我们就劝拉姆离婚后面离了男的又纠缠威胁说要杀小孩杀她全家我让她来成都躲一阵可是她爸爸年纪太大了又为了小孩就一直留在那边罗罗表示拉姆和前夫的感情一直有问题两人离婚复婚后又离婚最后没想到发生了这样的事出事后男的他们家人都找不到门都上了锁最后不得已在网上帮拉姆筹集医药费没想到爱心人士这么多一天就筹到了一百万真的感谢大家红星新闻记者看到直到现在仍有无数网友在拉姆抖音下留言可惜以这样的方式认识你一定要好起来加油一定要挺过来不管你变成啥样在我们心里你是最美的今日月日上午点拉姆的表姐罗罗告知红星新闻记者今日上午拉姆的情况更严重了处于重度昏迷状态红星新闻记者刘成梦摄影报道编辑彭疆网红拉姆直播时遭前夫纵火焚烧重度烧伤一天内网友捐助万爱心款红星新闻蓝天白云雪山草地采药放牧她总是按时更新给网友们带去作品通过视频直播和大山外的网友分享大山里的生活以及喜怒哀乐小学文化普通话不太好大家多包涵和众多网红不同拉姆的视频更多的是记录生活很多视频是素颜出镜因为真诚网友看到了她的真实很多人评价她在抖音中是最自然朴实的一个从年月日发布第一条抖音开始拉姆在事发前发布了个作品一共收获了万名粉丝获得了万个赞然而一场意外发生了今年月日晚上拉姆在家中上直播时被前夫用汽油焚烧重度烧伤病情危重送医后家人在网络上发起筹款一天之内网友接力捐献万元爱心款为这个贫困的家庭缓解了燃眉之急网红主播拉姆丨视频截图父亲求助女儿直播时遭前夫烧伤很抱歉今天以这种方式出现在大家的朋友圈也感谢你们在百忙之中看我的这封求助信月日下午一封求助信在四川阿坝州当地朋友圈热传求助者是阿坝州金川县观音镇麦斯卡村二组村民三郎甲从金川县观音镇麦斯卡村村委会提供的证明来看岁的三郎甲因病致贫年起被当地列为建档贫困户因为家中贫困他的女儿阿某某小名拉姆承担起了照顾家小的责任家中收入来源主要靠种地和上山采药若非家中突发变故他也不会通过这样的方式被大家认识月日晚一场意外发生了月日晚上女儿在家中抖音上直播时被前夫用大火焚烧造成全身大面积烧伤生命垂危求助信中三郎甲说出了女儿受伤的原因受伤后女儿被送往阿坝州人民医院重症监护室急救州人民医院建议转院所需治疗费用逾百万这场变故让原本不富裕的这个家庭雪上加霜看到眼前女儿面目全非我也没有活下去的动力但看到女儿与死神挣扎还有一线生命体征我就要用一切办法挽回女儿的生命生命是脆弱的但人心是坚强的恳请爱心人士慷慨解囊救助一下我可怜的女儿无奈之举写下这封求助信恳求您伸出援助之手帮帮我我希望女儿能好起来在此我感谢大家了我们急需您的帮助爱心人士救救我可怜的妹妹吧事发后在黑姑娘拉姆的抖音账号上更新了一条求助信息一名自称是拉姆姐姐的人介绍拉姆是被其前夫用汽油烧伤在州医院重症监护室急需转院医疗费用需百万元月日阿坝州金川县公安局在平安微信金川上通报月日时分许金川县观音桥镇麦斯卡村村民阿某某在家中被前夫唐某烧伤接到报警后金川县公安局及时组织警力开展案件调查相关工作目前犯罪嫌疑人已被警方控制伤者已送往阿坝州人民医院接受治疗案件正在进一步侦办中警方通报爱心汇集不到一天筹集到万爱心款据阿坝州人民医院出具的一份诊断证明书显示岁的拉姆于月日凌晨时分因全身烧伤小时入院目前诊断为极重度烧伤复合伤低血容量性休克重度脱水多器官功能障碍综合征病情危重目前在阿坝州人民医院重症医学科住院治疗治疗费用高昂伤者诊断书截图在水滴筹平台实名认证为罗基木初的人介绍我是伤者的亲戚事情是真实的病人今天已经转院到成都抢救感谢社会各界爱心人士谢谢多名亲友在筹款平台证实拉姆身体烧伤超过村支书甲干实名为拉姆证明我证明此事属实希望好心人献出你的爱心帮助患者渡过难关爱心接力恳求救救我的女儿网红黑姑娘拉姆重度烧伤生命垂危事发后拉姆的家人在水滴筹平台发起筹款目标金额为万元不少网友为她加油鼓劲的同时还伸手相助接力为她点亮生命的希望之光心有多强大笑容就会有多灿烂不要放弃坚持下去一切都会好起来的加油可怜的姑娘愿你早日脱离危险元元元元不到小时就筹集到了万元爱心款拉姆受伤严重丨筹款平台照片截图网友加油希望你能渡过难关一切都会好起来这是一个爱笑爱唱歌爱跳舞的女子浓眉大眼梳着长辫子甜甜的笑和脸上的酒窝帮她在视频和直播中加分不少若不是这场变故拉姆可能会定期通过视频直播和大山外的网友分享大山里的生活分享她的快乐正如她的抖音简介中所说我不是不喜欢大城市的生活但是为了陪在爸爸身边所以我就靠山挣钱我想把山上的宝贝分享给更多的人网红主播拉姆丨视频截图从年月日发布第一条抖音开始拉姆在事发前发布了个作品一共收获了万名粉丝获得了万个赞她只是按时更新给网友们带去作品除了偶尔卖一点老家的核桃外她没有想过拿粉丝们挣钱在她的抖音里记录了她的生活有她的两个宝贝孩子有她的父亲也有喜怒哀乐上山放牛采药在家种地摘核桃她会在短视频平台与网友分享在国道上遇到冰雪路段工人在道路上撒盐除雪她会主动上去帮忙并发视频提示驾驶员减速慢行疫情期间她拍视频为武汉加油小学文化普通话不太好大家多包涵和众多网红不同她的视频更多的是记录生活很多视频是素颜出镜坦诚真实是不少网友对她的印象很多人评价她在抖音中是最自然朴实的一个往后余生两兄弟相依为命妈妈会背后支持在月日发布的一个视频中母子人同框她透露了自己的婚姻状况此后有网友问及她的丈夫她曾回应已经离婚有网友主动撩她她真诚地告诉对方已经是两个孩子的妈拉姆想做一个平平淡淡的我她说人最坚强的事是靠自己最大的愿望是健健康康最幸福的事是有家人陪伴出事前最后一个视频发布于月日感谢抖音平台给了我这么多朋友我要把洁白的哈达献给我五湖四海的朋友们得知拉姆受伤很多网友到平台为她加油希望你能渡过难关一切都会好起来的抱歉以这样的方式认识你有家人朋友网友爱心人士关心希望如拉姆所愿能健健康康地陪伴在家人身边继续为网友分享快乐红星新闻记者王明平编辑彭疆
匿名用户,评论区才有意思呢
思辨,犯罪嫌疑人将被害者用汽油泼洒后点燃属于比较典型的故意杀人罪汽油泼洒后点燃高概率会使人死亡犯罪嫌疑人泼洒被害者一铁桶汽油最后将被害者烧伤致其死亡并且是以直播的形式对外公开产生的社会影响极其恶劣死刑已经是板上钉钉的事虽然尚未得知犯罪嫌疑人的动机但他曾经对被害者当主播这一事非常不满事发后网友找出了拉姆前夫的账号月日他曾在拉姆视频下评论你每次发作品别人叫你老婆你是不是特高兴并且犯罪嫌疑人曾经多次家暴被害人和被害人的姐姐就在几个月前前夫唐某因为找不到拉姆找到了姐姐卓玛家里把我打住院了现在脸上都能看出痕迹当时我就很担心害怕妹妹还能比我好吗卓玛告诉红星新闻记者男方家暴妹妹多次每次打完都保证不会再有下一次除非打得特别严重妹妹才敢跟我说对方每次都用孩子和家人来威胁没想到这次直接想把妹妹和爸爸烧死说点题外话在面对威胁时虽然可以暂时对对方委曲求全在夹缝中求生存但最后一定要及时向警方反映南京警方通报南京交院女子遭迷奸事件犯罪嫌疑人已被刑拘还有哪些信息值得关注前几天的南京交院女子遭迷奸事件被害者虽然在面对威胁时没有报警选择保守秘密但视频最终仍不幸被犯罪嫌疑人公开不要低估了人性之恶而人性之恶在遇上一味退缩时也只会愈加膨胀最后酿成惨剧
不知,最新进展月日拉姆不治身亡我想说家暴不是家庭情感纠纷家暴是犯罪如果警方可以在她几次报警后给予保护她就不会死在拉姆网络直播时前夫公然行凶这是在公然制造公共恐怖且导致拉姆死亡造成重大社会恶劣影响应判处拉姆的前夫死刑立即执行日稍早腾讯谷雨发了一篇特稿讲述拉姆短暂又惨烈的一生文章写道警方多次接到拉姆她多次被前夫家暴和到娘家闹事的报警但民警认为这属于家庭纠纷我们会警告男方别动手但在此之外能做的很少清官难断家务事拉姆想要争取到哪怕一个孩子的抚养权但法院最终把两个孩子都判给了经常家暴她的前夫应该是因为对方经济条件好从法院出来拉姆哭得撕心裂肺被前夫用汽油焚烧后拉姆躺在救护车还有一丝意识她对爸爸说阿爸如果这次我死了让姐姐以后来照顾你的生活她全身都疼跟姐夫说到了医院你让医生给我打个针让我死我这辈子完了我痛得受不了这样活着没意思昏迷天后拉姆有了一丝清醒的意识左眼半睁姐姐跟她说话安慰她她的嗓子里插了管子说不了话但听着姐姐的声音左眼慢慢有眼泪渗出来这篇文章还提到拉姆辛苦上山挖药但一年只能赚万块她起诉离婚法庭嫌她穷把个孩子给了常年家暴她的前夫她就下雨天冒雨挖药只为挣钱争孩子的抚养权她明明这么美却不要网友打赏直播也只是为了跟观众说说话以获得心理安慰短暂逃离现实她被前夫泼汽油烧伤后有人让姐姐看她后台说主播一晚上可以赚几万她一定有钱可后台显示她只有两千块她哪里是什么网红她就是个努力生活不服输的坚强女孩拉姆是个多好的女孩啊网友想看拉姆穿藏装她就穿上藏装做直播拍视频她这么贫困自己也就几套藏装平时辛苦劳作也不化妆口红是朋友送的为了省钱只买几块钱的霜平时只有上直播才化妆热情打扮只为回报网友对她的安慰她是真把网友当朋友无关利益只在乎真心她这么好为什么会是这种下场原答案看了藏族姑娘拉姆发的许多短视频和南风窗对拉姆遭前夫泼汽油烧毁的报道视频里她就是个简单真实乐观情感丰沛的女孩就像生活中的每一个你我拉姆的妈妈奶奶在这两年相继离开人世在母亲节她在视频里落泪她配文写道自从妈妈去世心里有许多委屈只能默默放在心里好想跟妈妈诉说拉姆的妈妈离开后没人能再保护她而年老的爸爸还要靠她来保护在她被前夫泼汽油烧至生死边缘后新闻中说她常被前夫家暴不堪忍受的她终于选择离婚却又被前夫拿儿子性命为威胁被迫复婚此后她再被家暴再离婚直到这一次被烧伤了的皮肤拉姆家境贫困爸爸年老尽管她并非不喜欢城里的生活但她想陪着爸爸她在视频里说人最坚强的事是靠自己最大的愿望是健健康康最幸福的事是有家人陪伴于是她回到大山靠进山挖药材谋生有时一进山就是十几天非常辛苦想家时拉姆就坐在山顶远望山下家的方向心情好时她就自由自在地跳一段舞或者给山上的牦牛唱一段歌歌舞都是视频平台的大众款但给她带来很大的慰藉和美丽进山后拉姆和爸爸住在简陋的小木屋里木屋里面搭着帐篷可以躲雨凌乱堆着一些棉被衣物但木头缝又开出了黄色的小花热爱生活的她拍了一段短视频告诉大家开花了在山上的系列视频中拉姆孜孜不倦地发在山上的吃食炒鸡蛋煎锅盔煮腊肉煮面条都是她开心快乐的源泉她总说好吃味道杠杠的在几乎每一段视频里拉姆都在笑下山时挖的药材背不动她就做了个小木托车把药材放托车上往下拉她笑着说朋友们背不动就想办法就这样很简单的快过年时她又笑着说每天早出晚归真的很辛苦可也没挣到钱但这就是我们的人生加油在山上的视频里拉姆通常穿着朴素的羽绒服也不化妆采药回到家后在一些视频里她会戴上漂亮的藏族女孩头饰耳环再穿上藏族传统服装化上妆又是另一种光彩我未曾看过拉姆的直播但我猜想这些视频应该是她在直播间隙所录直播时打扮一番是因为她想呈现自己最漂亮的样子给观众朋友或许赚钱辛苦她并不舍得买太多漂亮装扮所以在这些视频里类似的头饰耳环服装反复出现但这一定已是她能拿出的给观众的礼物拉姆的视频总是传递着坚强美丽乐观独立可这些很可能就成为她前夫眼里的刺在她又要开始一场直播前那时她一定又穿上了那件漂亮藏族衣裳吧她的前夫突然闯进家门泼了她一身汽油用刀威胁要割她的喉爸爸来救她她却哭喊阿爸快跑前夫点燃了她身上的汽油大火烧了她三个小时直到把她全身烧黑在拉姆的视频账号里她最后发布的视频是她依然穿着那件漂亮的藏服戴着那对漂亮耳环漂亮藏族头饰向观众朋友笑着唱歌还是她美丽漂亮快乐的样子
匿名用户,看了一位朋友的回答我也带着好奇去找了找如果那个数字号是她前夫小号那么他前夫的心理肯定有点问题是比较狭隘的小号基本都是在离婚后活动的比较勤还有就是号烧伤拉姆号号竟然都在用小号评论有人说两个孩子拉姆都不要爸爸抚养两个孩子说拉姆不是个好妻子好妈妈你们看看吧两兄弟不愿意分开加上拉姆需要上山采药孩子才会在爸爸那里而且孩子们爸爸抖音号从昨天到现在删除了好几个作品也在删除评论有网友说他也受伤了不知道是孩子爸爸家人删除还是他自己删除的删除的都是些带有消极情绪的视频留下的都是立好爸爸人设的龍恩就是她前夫应该是个很偏激的人而且拉姆不止一次回复网友她已经结婚了
孙傲之,惨无人道死刑谢谢那个关于网友喊老婆的截图我也看见了我认为网友没有做错任何事除非当事人本人表示反感否则任何开玩笑都是个人自由害她的是她前夫不是喊老婆的网友在网上开玩笑喊老公喊老婆的多了去了你见过其他明星或者网络主播的爱人做过这种事吗拉姆的惨剧唯一的原因就是她前夫自己道德低下目无法纪毫无同情心和同理心完全不将他人的生命放在眼里这跟喊老婆有什么关系另外虽然我反对任何对群体的歧视和污名化我很反感某些人打着女权旗号指责全体男性我觉得这跟小粉红打着爱国的旗号宣扬日本人全体有罪论一样恶劣但是至少这个问题下面没有这种人顶多有知友说一句不婚不育自己不结婚跟仇男离着十万八千里吧难道你觉得一个中国人自己不去日本玩跟小粉红宣扬日本人全体有罪论是一码事大家明明都在谴责罪犯你上来骂女拳带节奏你在打稻草人吗微博上有这种人就麻烦你出门右拐微博上跟他们对线可以吗或者你自己去开一个问题如何看待拉姆案中指责全体男性的言论
易子,多好的一个女人遇上了渣男一生被毁竟然还有人说她的不是但凡有点良知都应该去谴责她那个无能又残忍的前夫而不是对一位勤劳美丽的妇女妄加评论每次看到那种一个巴掌拍不响苍蝇不叮无缝的蛋等言论我就希望苍天有眼让那些恶意满满的人不得善终只有没有能力解决问题的人才喜欢使用暴力去控制或者毁灭他人希望所有女性都远离内心阴暗的人保护好自己
孤鸿影,令人痛心也让人愤怒过后又很无力这件事如果是个考试题很多人都能写的头头是道可一到现实中这些东西立马不灵了他横行无忌他殴打她殴打她的父亲殴打敢于保护她的人他敢于当街殴打她无法无天警察呢报警了没用家庭纠纷妇联呢没听说离婚刀架在脖子上逼你复婚离家打工家里有俩孩子还得照顾身体不好的父亲何况他总是威胁着杀掉孩子所以她走投无路只得等着屠刀挥下不然永远都是家庭纠纷永远永远无法摆脱噩梦谁能告诉我她怎么能救自己
小琳,前夫已离婚不要扯上家暴事发前二人无任何接触不存在因矛盾和冲突激情伤人所以这就是一起特别恶劣残暴的故意杀人案希望严惩凶手姑娘们远离家暴渣男一旦遇到及时止损切不可对其事后的忏悔抱以幻想对家暴零容忍才是保全自己的唯一方法
匿名用户,写这个必须要匿名了因为我也曾是家暴受害者希望此篇能让女性方便早期识别家暴男我仔细翻看了拉姆和她前夫的抖音发现了一些蛛丝马迹第一个痕迹是他前夫的大号曾通过一句话宣泄过他的不满但是这个时候两个人还没有离婚说明前夫此时已经和她有矛盾了同时插播一下先请大家注意上图第二个评论我还特别关注了这个应该是她前夫的小号稍后我来说为什么我认为这是她前夫小号第二个评论典型的想提醒对方珍惜老公与家庭小心网络上很多的追求者这是前夫的小号稍后我会补充这个小号是如何暴露自己的回到刚刚我为什么确定他前夫发泄这句话的时候还没有离婚呢看下图月号发泄的不满号女主回答还没有离婚但是当时这男的已经非常不爽了才会评论那样一句话这是占有欲在作祟有家暴的男的或者女的都有很强的占有欲看到那么多人喜欢自己女人心生不爽拉姆是一直遭受家暴的原因看下图眼窝的淤青这不是阴影是瘀血回去翻这一天的视频就知道了确实是瘀青还有网友或者朋友的评论问她老公最近打她没有要么就是她在直播间太压抑了告诉过网友要么就是生活中的朋友本身就知道这件事她估计也曾表达过想离婚的想法或者说离婚什么的实际此阶段正在纠结中所以月号有些网友还以为已经离了接下来我们看看我为什么说是她前夫小号首先这个号地址写的是福建但是关注的却全是藏族相关说明写福建的地址是为了掩人耳目其次看他的评论还有一个评论是在快离婚但是还没有离婚的时候这个小号还发过一个小号还有一个评论是在快离婚但是还没有离婚的时候表达重点是幸福美满的家不要留下遗憾意思别离婚离婚小孩没有美满的家会遗憾以上是有关抖音我搜到的一些蛛丝马迹以下是我想告诉大家家暴男的心里特征以及表现形态家暴男通常是自卑的当然也有自信的但我说的是通常和我遇见的因为收入极低家里又穷自己又没本事所以自卑打人是极度自卑时的极端表现这里提醒女性找男友可以找家里穷但是自身努力的或者家里有钱自身没那么努力的但是不能找家里穷自己又不努力的其次只打女性因为吃软怕硬而且越是了解你比如越是觉得你家人也好欺负或者你什么都不和家里说就越敢打你家暴男占有欲很强喜欢翻手机喜欢在你发每条消息的时候都来瞄一眼或者跟踪你或者在你住的地方装摄像头遗传家暴有些确实是遗传脑前额少一种酶所以在生气的时候对于行为的控制能力比常人减少有很多家暴的人其父或其母也有家暴行为酗酒家暴男通常都酗酒基本上每天都喝因为这类人缺少上面说的酶所以他们的自制力比较差容易迷恋一些东西逃避自己的无能也就是自卑报复心强他们极度自私自己想要的得不到就会生恨进而报复因为只以自己感受为中心希望全世界都按他想要的来恋爱早期很容易发现一是占有欲监视欲二是每次发生小争吵他们喜欢摔门或者摔东西通过制造很大的噪音来宣扬武力让对方不舒服或者害怕后期才会把拳头施加在人身上所谓的忏悔事后各种发誓保证书在两人共同朋友面前保证绝不会再有这都是说说的因为他们在打人时体内分泌肾上腺素类似天然毒品他们会非常愉悦甚至还会大笑这是有瘾的戒不掉家暴只有次和无数次他们想找个女的生孩子结婚就可以一辈子有人打早期不打你是隐藏加上还没有发生过争吵但是情侣或者夫妻之间不可能没有争吵而且他们打人有时候没有争吵也会打人仅仅是因为在外面受气了所以这种病理性的极端人格第一时间发现就赶紧离开也可以想办法多打听打听他和前任为何分手多半都是因为家暴
五仁香肠冬瓜糖,我看标题的时候很以为她已经不在了看新闻内容的时候越来越喜欢这姑娘也越来越愤怒看到消息结尾她还活着我谢天谢地虽然我知道她很痛苦未来的日子也不容易但还是发自内心的为她活着而心怀感激这会不会有点虚伪和自私看到国内很多朋友一天就筹了百万也看见国外很多人也忙着捐感觉这个世界其实还行好人还是多希望网络筹款方便一点欺骗少一点最好没有让真正有需要的人多一条路前段时间构思小说情节想着能不能不要感情线你想啊一人如果穿越到古代修仙玄幻的时代真的会看得上那些女子吗从现在的角度看女朋友少读点书相处都会很不愉快穿得土一点不会化妆都看着不漂亮不健身运动绝大多数身材也不会好到哪去我看了新闻关于拉姆的介绍刚看觉得有点显老但发现她要随便化个淡妆就完全能打迪丽热巴她穿得就那样吧鞋子袜子衣服但依然看得出女性专属的身型和线条虽然不知道她谈吐如何但看到她无暇开朗乐观的笑容吃苦耐劳不矫情觉得什么学识见识教育都不重要了这么好的姑娘为什么要过这么苦的生活遇到这么渣的老公呢我也会反省是有点外貌协会那些长得不好的女孩就活该吗可知道归知道但直观情感就没法控制了
是克制,希望中国的法律可以残忍一点这么多作恶多端的人最终只能打几针舒服的被枪毙纵火犯就应该活生生的把罪犯烧死强奸犯猥亵儿童就一刀刀割下他的鸡鸡小偷就鞭刑到皮开肉绽破坏别人婚姻实锤的小三就没收其财产熊孩子就关到成年用刑因为恶毒的人不怕死那么就让他尝尝折磨的滋味
可乐猪,看到新闻里的详细的介绍她再也不是一个新闻里一个路人甲乙丙而是一个活生生的人她乐观开朗却无力摆脱前夫的阴影尤其是在落后地区女人在婚姻中的地位完全需要看男方的人品和女方娘家人的实力结果患病的老父病逝的母亲唯一能撑腰的大概只有姐姐了其中让我最心痛的是她和男人离婚的时候那个以孩子性命威胁过她的人在闹离婚的时候可以得到两个孩子的抚养权而拉姆只有孤身一人原因就是男方的经济条件比自己好后来她为了给孩子赚钱在山里挖羌活粗糙的双手艰苦的环境也依然乐观可是换来的是直接被丈夫虐杀所以从每一则类似的新闻里你都能看到相似的人生经验那就是家暴的人要远离女人不能当全职妈妈不然离婚就丧失了抚养权女人不能远嫁尤其是遇到不善良的男方家人如果娘家人在跟前还能有人撑腰让我想起了那位为了爱情远嫁低学历男结果丈夫和小叔子以及公婆全家一起家暴她的老公表姐幸好及时抽身了但是孩子差点就被男方抢走了前一秒还看到一个乐观开朗的藏族姑娘后一秒就是一个连五官都已经看不清只剩漆黑的一片这是有多恨才能把前妻害成这个样子家暴真的太可怕了遇到一个渣男那就是一辈子甩不掉的阴影
China Sam,火刑柱以他喜欢的方式送走他合适
陈绍聪,社会影响恶劣手段极其残忍前夫凶手死立执没跑了
haha kim,泼汽油焚烧应该属于故意杀人在直播时这么干属于情节特别恶劣影响特别巨大因此应该判处死刑立即执行还得有经济赔偿可怜了两个孩子
终会过去,我一直特烦这种事情相对于搞对象分手完事儿了一根烟的功夫我能解决知乎首页上所有恋爱问题还不耽误我嘲笑他们是一群下水道耗子对于婚姻我就不愿意多说了但是我顶烦你们这群老色批的样子一个个底气十足一说就长的好看就完事儿了你们的婚姻问题先看脸看抖音段子早晚死的连渣都没有还觉得自己挺明智如果你们碰见我前妻我昨天还说我前妻年轻的时候素颜吊打乎上的化妆美颜怪你们这群货都不够白给的我抖音现在还推荐我前妻的抖音号呢想想为什么通过验证才能看防谁呢为什么我是唯一了解她她离婚真相的人为什么说唯一一会儿告诉你她的婚姻里究竟有什么当事人已经表述了我们也不能妄加猜测逝者安息但是不妨碍我们从另一个角度看待把人烧死就对么你有什么权利把人烧死婚姻的失败可以成为理由么都不可以这无关婚姻这是对生命最基本保证没有人可以以个人的名义夺取其他人都生命所以不管谁对谁错发生了什么杀人偿命以儆效尤说回婚姻尤其是离婚真是个令人头疼的问题恋爱这种小事儿不乐意你就换找不到合适理想的就耗在单身自由独身也就自由的大前提下耗死也就那么回事儿没人在乎你你代表不了人类不恶心人别人也恶心不了你就完事了但婚姻不一样婚姻一但完蛋你这辈子你户口本配偶哪项你看看写的什么你跟全世界男的女的都搞一遍户口本上也是单身你跟谁都能说我没谈过恋爱我还处女处男呢但是你离一次户口本上就是离异这就是本质上的区别它会跟你一辈子它跟你一辈子是一回事你怎么看待它就是另外一会儿这并不冲突不管你怎么讨厌这个头衔不管你怎么恨不管你怎么觉得不公不管你多在理你必须要明白你回不去了你执着于因果报复执着于过去未来执着于曾经执着于未曾发生那有什么意义么眼睛为什么没有一个长在后脑壳上呢因为要你向前看你回过头看的是你已经看过的没有意义了你想不开执着于这些有什么用呢后悔又什么用呢幻想一切都不曾发生有什么用呢我脚上是我们曾经一起生活过的地方我们在一个城市家里装修家具都有她的影子难道我把房子点了把北京市埋了不可能就让它过去因果到我为止事情也到我为止我还有个儿子有父母我一直强调是我的大儿子为了他我也必须要把让一切尘归尘土归土过于执着于她就会变成我们的儿子再往后就会是她的儿子这一切都不是我想要的这种念头很危险我的大儿子就是我的只是因为她才有我的大儿子所以我答应她我不在干涉她的生活也不会破坏她在有的婚姻至于她怎么说我也不在意毕竟我让她重新开始婚姻情感生活但是又不让说点瞎话假话实话实说就有点装孙子难为人了一切都过去了我只让她注意两点一个是别再我儿子面前恶心我就说因为吵架离的婚一个是你为了重新开始生活你可以让我把锅都背了但是别在我的生活里恶心我这两点做不到我照样报复你剩下的就除了孩子你我就是陌生人狗逼朋友老死不相往来心里都明白就完事了这就是她和现男友开车周末来接孩子她不在车里等着的原因也就是抖音为什么要关注验证才能看的原因还是那句话没人希望自己的婚姻是失败的如果动不动就说只有丧偶没有离婚我劝你远离婚姻么也尽量别谈恋爱
何何何,我知道一个帅哥真的帅长相俊俏不缺男子的阳刚之气就是男女长辈都夸的那种长相他亲姐姐被姐夫用汽油烧了没死他姐夫没受法律制裁哦事后离婚了有没有赔钱我不知道反正是没有坐牢他姐姐的遭遇算好的一方面是保住了性命娘家人照顾得尽心尽力才有这样的结局在我国的小县城和乡下只有杀人法律肯定会管剩下的就看情况了即便是强奸私了的方式也包括赔钱和结婚我劝女生最好有个弟弟在所有非一线城市保护姐姐的权力比法律好使知乎上学生多非要我和杠我就问你国家为了保障农民工工资及时给付设置了那么多程序吃饱了撑的吗难道雇人做事给工钱不是天经地义的吗如果这个网红没死前夫大概率屁事没有医药费还要网红自己负担大面积烧伤的医药费百万起跳
沈慰平医生,地狱坦荡荡恶魔在人间这个手段真的太残忍为拉姆祈福我国对重度烧烫伤的救治早已处于世界领先希望拉姆能够挺过这一关大面积烧伤的死亡率非常高烧伤初期前天容易休克中期至天易有心肺衰竭或受损天以后容易有感染多器官衰竭大面积烧伤的死亡率非常高的原因主要有如下三方面一吸入性损伤常见于火灾现场病人在火场里大喊大叫时他的呼吸道里吸入大量的粉尘和热量这样会对呼吸道造成严重损伤一方面会导致呼吸道肿胀引起窒息另一方面会对肺实质造成一些严重的损伤而诱发后期肺部出现严重感染二休克烧伤面积大会在体内形成全身性的炎性反应炎性反应下的血管通透性会非常高患者血管里的液体会大量的像组织渗出导致患者有效血容量不足形成严重休克那么大面积烧伤后两天病人要做抗休克治疗休克期一般是小时如果病人能够顺利度过休克期就闯过了第一关三感染是最常见的死亡原因烧伤患者特别大面积烧伤皮肤是人体的一个抗感染的屏障大面积烧伤后意味这身体的屏障被撤除了严重的烧伤会对身体的体制造成非常大的打击病人的抵抗力也随之下降同时会出现肠道内的一些菌群的移位这种情况下病人容易出现严重的感染大面积烧伤患者全身大范围的皮肤损伤很多创面的修复需要植皮异体皮虽能起到短期覆盖保护创面的作用但创面的最终修复还是要靠自体皮肤大面积深度烧伤患者创面修复有时候很困难对于一个全身面积体表面积三度烧伤的患者意味着医生要用他身上残余的的正常的皮肤来想方设法去修复身上被烧坏的创面难度非常大患者往往要做几次甚至十几次的手术才能将大部创面修复并脱离危险期间患者始终会面临感染的危险一旦患者体质的严重恶化或因创面没有及时覆盖导致严重的创面感染或吸入性损伤等原因导致严重呼吸系统感染就都会造成患者的死亡我国烧烫伤外科早就形成了比较完整有我国特色适应我国国情中西医结合的一套烧伤治疗方法及时推广普及并在普及的基础上不断提高不仅使我国烧伤治疗水平提高较迅速发展也较平衡而且治愈率始终处于世界先进行列自年上海抢救治愈烧伤面积的工人邱财康以后累积了较丰富的治疗烧伤特别是大面积烧伤的知识和经验在抗休克抗感染和创面处理方面也逐渐建立了一套比较适应我国国情的实用措施烧伤治愈率明显逐步提高跻身于世界先进行列自年代末到年代末期我国在总结抗休克抗感染特别是尽早切削除三度焦痂密集植皮消灭创面的成功经验的基础上首创早期大面积分期分批切除三度焦痂大张异体皮开洞嵌入小片自体皮移植全覆盖切痂后的创面方法德国烧伤医学家称中国方法一举在全国世界范围内突破了治愈度烧伤面积的大关这一突破是我国烧伤治疗进程上一次飞跃使我国烧伤治疗水平一跃居于世界领先地位自年代末持续至今是烧伤的基础理论研究阶段不仅取得了一批具有国际先进水平的成果而且在基础理论的指导下使临床治疗水平又有不断提高再次为拉姆祈福希望她能够挺过这一关
许你二三事,最新消息拉姆没有被救回来唉愿她在天堂幸福其次严惩家暴男最后稚子无辜拉姆的两个孩子该怎么办图为拉姆与她岁的父亲拉姆是四川阿坝金川县观音桥镇麦斯卡村的一名村民同时也是抖音上一个小网红她第一次在抖音上发布视频是年月日内容是关于她的两个可爱儿子截止到晚拉姆一共发布了个作品粉丝数近万她的视频内容很简单大多是关于蓝天白云采药牧羊以及记录她个儿子的成长日常网友们喜欢她是因为她身上的天然与质朴是因为她虽身处深山困苦家暴但是却一直充满阳光与善良拉姆的生活很简单吃穿也很随意在山上干农活时午饭大多是用一块馍一点咸菜解决但是她却很快乐在拉姆的视频里随意的起舞明媚的笑很常见年月日晚拉姆的前夫唐龙突然闯入拉姆家而此时拉姆正在准备直播随着拉姆撕心裂肺的哭喊阿爸快逃岁的拉姆爸眼睁睁看着女儿被火焰吞噬目前拉姆全身烧伤达已从阿坝州人民医院转至四川省人民医院重症监护室但是至此仍未脱离生命危险拉姆与前夫育有个儿子但是这两个孩子自出生起一直由拉姆一人抚养拉姆与前夫的婚姻起于年但是由于唐龙拉姆前夫婚后多次家暴拉姆不堪折磨与其离婚一次家暴男的套路都是固定的第一次离婚后唐龙跪下求拉姆声称自己混蛋绝不会再犯而拉姆为了自己的儿子选择和他复婚家暴男的话又怎么能信呢今年月份唐龙又对拉姆进行家暴掐住其脖颈使其差点窒息而亡于是拉姆下定决心再次与其离婚摆脱家暴男的过程是饱受折磨的拉姆不得不逃到自己的姐姐家却不想唐龙连拉姆的姐姐一块暴打经过多方周旋终于在今年月底拉姆透漏离婚有望但是短短半个月的时间一桶汽油燃尽了拉姆的希望说实话小编真的不知道该如何祝福或者安慰拉姆的烧伤即使抢救过来拉姆的余生也只剩下伤痛和折磨但是拉姆的姐姐说不管如何至少把她的命保住目前网友已筹集万余元送于拉姆所在医院最后希望拉姆能活下来希望饱受家暴的女性们早日与恶魔斩断
秦静书,这件事应该没办法反转了吧官方已经控制了犯罪嫌疑人并且群公告里已经说明是被前夫烧伤我觉得不至于反转了吧然后不谈恋爱不结婚比较好你看看之前的各种杀妻还有前几天的小伙子给不起三十万被分手还要被离职甩都甩不掉现在这姑娘在家直播还被前夫纵火只能说一旦遇上深井冰就玩完了
寂寞如雪,的重度烧伤有一说一继续活着对她来讲不是奢望而是一种折磨我最希望看到的结果就是杀人者被严惩
南宫鸣煜,觉得女生的笑容好明亮好治愈眼睛里面都是憧憬明天的光但是她不会有未来了活着的每一天都要期盼死亡因为烧伤比生孩子还要痛的多而且是时时刻刻的痛即使发生奇迹活下来伤疤瘢痕也会限制活动生不如死我不知道那个前夫有什么深仇大恨要对自己孩子的母亲下这种杀手相比之下那个杀死妻子冲下水道的畜牲都比他要仁慈一些毕竟给了个痛快女怕嫁错郎这句话真的真理女性想在暴力方面占便宜几乎不可能遇人不淑可能真的会没命不能控制自己情绪的人经常发极端评论的人所谓光脚不怕穿鞋的人极高自尊或者喜欢迫害妄想的人都不能嫁能躲多远躲多远我真的懒得关心什么男女对立但是看到微博知乎有的男性还在批评媒体不要传播这样的新闻找对象又难了的时候真的很想说站一次受害人的视角把自己往受害者的身份放一次替受害者说句话这样的人越多恐男的言论就会越少
木村认哉,每当看到这类社会新闻我都希望我儿子千万不要成为毫无良心的恶棍恶魔总是习惯对比自己弱小的对象下毒手每个生命都值得被敬畏尤其是男女面对面抗衡时绝大多数体力不占优势的女孩子都该被好好保护而不是伤害啊希望姑娘能好起来希望每个人都能保护好自己希望这世界别再有这样惨无人道的暴行了
posmart12138,更新根据公安部门披露的情况说明前夫获得自首这一从轻处罚概率是极低的因为说的是挡获大概意思就是拦截到了然后抓获个人理解相当于排查或者堵卡的时候正好拦到了犯罪嫌疑人不过也有一些案例是堵住逃跑并抓获不过这为什么不直接叫抓获反正就是没有从轻条件如实供述积极赔偿和悔罪思过的概率也不大因为目前没有任何信息说男方有能力或者已经采取了具体补偿措施而且拉姆家人接受的概率也很低考虑极其恶劣的社会影响和前科蓄意谋杀跑不了准备好吃花生米吧对每一个人来说都是彻底的悲剧所谓网红身份也就是让更多人知道和关注了这件事前夫对她有很深的恨意苛责她没有任何意义他就是单方面的作恶我想打你和你有什么关系呢以至于都不能容忍拉姆靠着勤劳朴实在短视频平台走红他很讨厌的人竟然取得了这么出色的成绩怒火更是冲天当一个人下狠下心来要在恶的道路上走到底践踏所有善良和爱的时候他就不配再被称之为人除非直接终结他的生命其他刑罚只能延缓这一步伐愿逝者安息
天津赵治国律师,如果纵火是为了烧死人依故意杀人罪定罪处罚故意杀人处死刑无期徒刑或者十年以上有期徒刑情节较轻的处三年以上十年以下有期徒刑如果不是依放火罪处罚放火致人死亡或者使公私财产遭受重人损失的处十年以上有期徒刑无期徒刑或者死刑从现在看到的报道月日拉姆如往常一样出现在直播间在直播的过程中前夫唐龙将汽油泼到她身上点燃了那把火造成拉姆全身的面积烧伤病情危重可以认定前夫客观上采取直接往拉姆身上泼汽油的行为主观上有致人死亡的故意手段极端恶劣社会影响极大以故意杀人罪判处死刑的可能性比较大如果还造成其它房屋设施损坏以及危害公共安全的也可以以放火罪判处死刑
泰加林,为无辜的受害者而哀悼但是在这么一条新闻里面依然有极端南拳在兴风作浪额原因很简单男杀女为什么比女杀男有存在感本身原因还是男杀女的发生数量要远远多于女杀男根据对于四川省例故意杀人案的统计加害者人中人为男性超过加害人总数的九成只有人为女性人数占比不到一成而受害者中男性和女性却大致平分秋色根据上海市凶杀案的分析中从能够知晓性别信息的名杀人犯中男性为人占女性为人占还是男性占绝对多数这还是耙耳朵的四川和社会经济发展较快的上海其他地域的情况我就不多说了吧不言自明为什么男杀女的血腥惊爆案件那么多因为这就是社会本身
张律,看的人头皮发麻夫妻一场是有多大的仇恨居然要用这种残忍的酷刑手段来报复前妻而且新闻里用的词语是纵火焚烧这相当于让拉姆遭受了一次火刑哪怕是放在古代社会都属于原始野蛮的行径要知道重度烧伤不同于其他伤害哪怕是保住性命疼痛和疤痕也会伴随一生可以说前夫的人渣行为已经毁了拉姆看来今年发生的这一系列婚恋新闻可能会改变很多人的恋爱观婚姻观不管是恋爱还是婚姻一定得找一个性格方面健康的与变态畸形的人相处太可怕了最后已经离婚了的人都能如此不冷静我们的民法典立法专家还搞出来一个离婚登记前的离婚冷静期谁来担保他她们的安全
赵颖,理论上当然是杀人偿命但实际上前夫杀人你懂得更别说还有两个未成年的孩子由他抚养因此十有八九他是死不了的说真的这件事里最可怜的当然是拉姆其次就是两个孩子了我真的是搞不懂这个前夫唐某又是家暴又是人身威胁这样的人居然会把小孩的抚养权判给他更别说他还曾用两个孩子的生命威胁拉姆复婚这种人当时就应该剥夺他的监护权要我说法庭如果真的可怜这俩孩子就应该判这个唐某死刑立即执行省得他在牢里蹲个十几年然后在两个孩子二三十岁刚开始独立生活组建家庭的时候出来又老又病又没有经济来源作天作地要死要活的要求孩子供养重新成为他们人生的阴影
匿名用户,这是我之前的回答被举报了更新可怕真的特别可怕
匿名用户,看了一些评论我希望大家可以真正辩证地看待这类问题不应当把因为个例怪罪整个群体但这句话不是用来给个例洗地的
王政,魔鬼以野蛮杀你我们却还要报之以文明要侦查要诉讼要审判还有一审二审终审还不一定会死就算死还要用文明的注射方式有时候想想这个世界真不公平以眼还眼以牙还牙真的挺公平的建议就判他汽油淋浴点火以后让老天爷说了算
水积不厚,太可怕了一个活生生靓丽的女孩被烧成了黑炭隔着屏幕我都感觉到疼感觉很难看好保住了性命她每时每刻都要忍受皮肤烧伤带来的巨大痛苦阴雨天更是奇痒难耐都已经离婚了还是没躲过前夫的伤害为什么不能各自安好这个可恨的男人心理扭曲到什么地步在两性关系中受伤害的往往是女生姑娘们选男人时一定要擦亮眼睛否则付出的代价是无法承受的在其他地方看到有人写的建议觉得不错分享给大家作为一个男性也是一个父亲在这里给女性朋友一点建议怎么分辨男的人品本质和品性首先看他的原生态家庭因为男的是会伪装的原生态家庭有问题的比如单亲或者父母有问题的相信我在这种家庭环境成长的孩子绝大部分都是有问题的而且多数都是心里问题其次多听听父母的意见他们毕竟经历比你们多看待问题和看人的水平肯定比你们高如果父母有强烈反对的三思而后行毕竟绝大多数父母不会害自己的孩子还有喜欢只动嘴巴卖嘴巴的简单一点就是多说少做或者多说不做这样男的也是很有问题的多数都是骗子或者好吃懒做之徒最后最后切记一点但凡花女人钱不管多少赶快远离这类男的不但是软饭男还很又心机很会算计人很多杀妻犯都是这类男的进化而来尴尬
芃芃,犯罪者的罪大恶极如果说是极端少数例子那么很多视频及文章下面极其恶臭厌女毫无同理心的留言才是女性们真正害怕恐婚的原因因为很可能这样的人就在身边他得到的几百几千个赞更说明这种想法的人还不少就在你身边可能就是平时看到思文小哥或者老实巴交的同事前辈
燕郎,泼汽油焚烧他人的行为正常人都会认识到有致人死亡的现实可能性应该以故意杀人定罪量刑而不是故意伤害
平林淡如画,看了许多许多杀妻案杀女友案了支离破碎的尸块满脸十几公分的割口满地鲜血的屋子都看过但都没有这次拉姆事件对我的触动大可能因为她在网友眼里是一个活生生的人动过笑过生活过悲剧就是把美好的事物摧毁给你看生前越是美好生动结局也就越悲她的案件很典型了因为不堪丈夫家暴而离婚两个孩子却判给前夫哪怕一个都不留给她原因只是男方经济条件更好离婚后继续遭到前夫暴力威胁数次报警无用警方说清官难断家务事我就不明白离婚了算什么家务事连个人身保护令都没发过行政拘留也没有过这些警察你们良心何安女方出身贫苦却漂亮质朴乐观积极当了个小网红时间不长也没赚什么钱这么完美的受害者去看看评论知乎也有各种有因必有果说不定罪有应得给男人带帽当网红飘了要是红了才离婚就是活该不足以表达我的愤怒这里真的不是印度吗瞧不起印度自己的脸又在哪里都说在男拳社会中漂亮的女人能享受到弱势性别的红利可事实呢漂亮远远不够即使生了两个孩子都给男方她只要有一点点没有满足男人没有忍辱负重继续维持这段婚姻漂亮算个屁还不是照样惨遭毒手平时和朋友聊起我的反婚主张时常常听到的是你条件好有底气不婚但不是所有女人都像你一样有钱有房还有父母的全部支持但我还是要说那些原生家庭偏远贫穷弱势的姑娘你们才是更需要慎重婚恋的人群你们靠婚姻改善生活的本质就是提供代孕和性服务换取粮食这份不平等的劳动关系还没有任何保险法官因为你穷都要偏向男方一边拉姆醒的算早了在网络时代意识到自己凭美貌就可以直接实现而不是通过某个男人才岁生活多么美好但她醒的也太晚了只希望旁观的小姑娘之中有未来的拉姆能改变哪怕只有一个人也好改变她的命运这是唯一能让我欣慰的事
平沢悠,这下证明他不配结婚的人恰恰是他自己我就一直努力回忆前女友的优点与浪漫时光无论她曾伤我多深如今与我多么形同陌路我一旦凶她坏她那只会让我气质风度掉价让她庆幸与我分了手而不会让她悔恨恼羞本处男都懂此理中年犯人更不可能没想到所以犯人很可能是明知故犯只想毁掉一切主观恶意明显社会影响恶劣请勿等反转别再以冲动犯罪情感纠纷家人谅解为由盲目轻判此类孽畜法是死的案件是活的案情伤情充满浓烟脓血犯人不配半粒牢饭
晓月圆舞曲,恋爱结婚选对人真的很重要但太多女生谈恋爱时普遍不喜欢考虑将来动不动一句我是和你谈恋爱的不是怎么怎么哀其不幸怒其不争可是偏偏太多女性是感性的谈恋爱喜欢会哄人的开心最重要哪有那么好的事
呐喊,本来还恐婚这下不恐了把结婚直接踢出未来计划就是比较好奇是什么让南风窗发文还不到一小时就删除掉了神秘力量
税律师,泼汽油焚烧这种方式致使被害人烧伤面积超过一个正常人都能预见这种行为极有可能造成被害人死亡足见行为人的主观心态就是为了剥夺生命具有致死被害人的直接故意泼汽油实施焚烧是行为人为了发泄内心积怨而实施的杀人作案手段极其残忍行为人的犯罪行为不属于激情犯罪而属于有预谋而实施行为人作案后被警方控制不存在自首等从轻或减轻处罚的情节这个人应该被判处极刑
轻烟,前夫涉嫌故意杀人罪至少是故意伤害罪根据刑法规定故意伤害他人身体的处三年以下有期徒刑拘役或者管制犯前款罪致人重伤的处三年以上十年以下有期徒刑致人死亡或者以特别残忍手段致人重伤造成严重残疾的处十年以上有期徒刑无期徒刑或者死刑本法另有规定的依照规定烈火焚烧属于特别残忍手段如果后果特别严重可以判处死刑
小呆子洛瑶,大家可以看看自己微信联系人里有没有这个人他可能已经改头像了
匿名用户,如果法院认定这是家庭纠纷那前夫只能算是冲动犯罪没有预谋如果是在家里只对着拉姆泼汽油连公共纵火都算不上如果前夫再一自首自首减免刑期冲动犯罪酌情减免刑期家庭纠纷不往重判死刑需谨慎于是乎前夫大概年以内就能出狱再加个藏族地区民族政策低海拔醉氧病啥的年内的年都可以保外就医前夫家里再花点钱请求谅解嘛罪行更少了不是我恶毒就按照我们的法律真的有可能实现这么荒唐的结果女人不婚真保平安为毛就不能像国外一样每个罪都分开算好了既然是前夫就是解除了夫妻关系的陌生人如果还住在一起还算可以没住在一起那先判个私闯民宅破坏私人财物的抢劫罪然后再慢慢论述泼燃料的纵火罪因为故意杀人所以加上杀人罪最后因为纵火杀人再加一个纵火杀人罪抢劫纵火意图纵火杀人纵火杀人赶紧死刑
匿名用户,看了眼新闻下抖音下评论印象深的有这几句网红前离就算了网红后离活该成网红了灯红酒绿了把丈夫逼上绝路了凡是有因果突然觉得我国男性没资格歧视印度男人都差不多无非种姓的划分变成了财力划分低种姓的就是穷屌丝高种姓就是屌丝们羡慕的富豪嘛他们常说有钱什么女人都能得到轮奸迷奸泼硫酸浇汽油家暴只要出轨的女人都应该弄死贪财的女人就活该被虐杭州地铁上辱骂女人是动物的去了印度就是公交车轮奸女性的罪犯我们不比印度人高贵多少是我们政府给力是共产党万岁是毛主席伟大若换成印度政府我觉得我们男人和印度男人大差不差他前夫判死刑判无期有法可依这还是靠政府对那些网络上评论者政府无能为力他们才是最可怕最不稳定的因素
ning,前两天我在抖音上刷到了一个特别毁三观的视频三个陌生男子因骚扰一对情侣而进了警察局面对问询为首男子非常嚣张地表示自己之所以搭讪打人都是被女孩勾引谁让她长得这么漂亮还要出门这样奇葩的言论让我想起一位印度强奸案的主犯他也曾说过类似的话年印度新德里发生了一件震惊世界的黑公交轮奸案一名岁就读医学系的印度女大学生在与男友看完电影回家的时候上了一辆公交车这其实是一辆不在当班的黑公交包括司机在内里面有个男人他们很快就产生了歹意先是将女生的男友殴打至昏迷随后又把女生拉到车厢内进行轮奸和虐待待到被弃之荒野的二人被人们发现的时候女生体内的肠子已经剩下不足经过天的抢救女生最终还是不治身亡主犯事后却毫无悔意他说体面的女孩不会晚上点还在外面闲逛我们有权为她们上一课在他的眼中强奸居然成为了一种对不检点女生的正义的教育这种令人匪夷所思的受害者有罪论如今在很多的社会事件中都能看到它的身影有的是加害方对自己的辩护有的甚至出于旁观者的口中什么是受害者有罪论简单来讲就是每当有受害事件发生加害方甚至旁观者都会倾向于给受害者找到一个之所以被侵害的理由因为在部分人的潜意识里恶性事件并不是随机就会发生的受害者的言行举止都会被放大成推动罪恶产生的诱因这样的观点源自于我们早已习惯并引以为然的思维模式苍蝇不叮无缝的蛋肯定是因为你做了什么事情所以罪犯才会找到你而最令受害者崩溃的是有时就连他们的亲属也会对他们发出这样的质疑在最近大热的电视剧二十不惑中罗艳就遇到这样的事情她在公交车上被变态骚扰舍友拍下视频为她解围视频后来传到了网上结果出现的却全是指责罗艳的声音真给我们女性丢人网友的中伤罗艳还能假装不在乎毕竟只是毫不相识的吃瓜群众但是后来当她发现自己的妈妈在给自己买保守的衣服时她的情绪就再难掩饰的住在对方看来罗艳的打扮已然是对变态的一种诱惑女生在外出的时候应该穿着保守点这才是对自己的自尊自爱自我保护这种看似是在保护女性安全的意见在现实中已经常见到让很多人都觉得理所当然但是只有女生知道这种说法对于她们而言是有多么的不公平错的明明是那些恶心人的苍蝇为什么那么多人却喜欢让蛋做出让步似乎她们才是引发犯罪的原因这样的逻辑明显是有问题的因为所有罪恶之所以会发生难道根本不在于是有罪犯存在吗除了会将舆论的矛头转向受害者受害者有罪论最可怕的一点在于它还会往加害方情有可原的方向延伸网友们对受害者的每一次指责都会对加害方的罪过进行间接的开脱有甚者加害方还会得到舆论的同情前段时间重庆女大学生在酒店被男友杀害的新闻在网上引起热议岁的被害人白婕化名是重庆某大学的一名学生在校期间她与男生母某成为男女朋友后来由于与对方谈恋爱太累也没时间学习于是白婕就做出了在最后一次约会就与母某分手的决定但是她根本想不到母某不仅不会同意还会选择以偏激的方式继续他们的爱情当警方在酒店找到已经失踪几个小时的白婕时对方早已失去了生命至于凶手母某也在房间里面自缢对于白婕而言这本是一场无妄的灾难她只是想分个手而已但是一些网友对无辜的她不仅没有任何的同情反而责怪她玩弄男方的感情或许是自缢的行为具有太强的迷幻性人们对他们的感情故事自动浮想联翩虽然并不了解事情的真相却不妨碍他们往母某身上贴上用情至深的标签于是一个杀人凶手逐渐被舆论包装成爱而无果的情圣至于白婕被强制夺取生命的重点根本就没有多少人关心不知从什么时候开始这个社会变得这么的浮躁明明只接触到事件的冰山一角就迫不及待地要发出自己的声音全然不顾这个声音到底是真的探讨了真相还是维护了罪恶为此流血的人还要流泪拔刀的人却在欢呼其实受害者有罪论是最虚伪无用的论断看似是要讨论真相实则却在无形中反复伤害那些已经被伤害过的人至于本该第一时间被声讨的加害方则在舆论的掩护下逐渐退居二线这是对作恶者的辩护也是在给有犯罪想法的人一种自己这样做没错的鼓励世道变坏往往就是从此开始海明威曾说所有人其实就是一个整体没有人能像海里的孤岛一样与世隔绝我们每个人都有可能是下一个受害者对罪恶的鼓励最终还是会反弹到我们自己身上希望我们的每一次发声都要深思熟虑探讨因果固然没错但是排在顺序第一位的永远都该是关注罪恶本身
匿名用户,睾酮这个东西很神奇是一把双刃剑它会让人畜肌肉发达反应敏捷充满勇气也会让人畜暴戾易怒充满焦虑有暴力倾向从搞畜牧的角度讲未绝育的中大型雄性动物一般来说还是相当暴躁的容易伤人即使是一些我们平常认为温柔驯良的比如猪马牛羊这些种公也是比较惹不起特别是群居动物或脑子简单的食草动物睾酮加持下就更加的直线条暴力所以一般雄性牲畜肉用的话会提前绝育种用的话需要选择性状特别好的畜中龙凤那种像役用这种需要长期相处的关系一般会着意选择聪明健硕但脾气温柔天然睾酮水平比较低的或者是小时候就去势处理
卡莲,罪犯已经被逮捕归案死由天定骂这种反社会的败类也没有更多意义比起这个这个回答反倒很有趣无视被害人家人采访里描述罪犯对受害者暴力行为早就开始延续数年的事实在被害者的抖音账号里拣到一条评论拿出来作为例子说这是对传统家庭非常大的冲击担心失去对方被害者开始直播之前被暴力殴打你是不是也要怪在直播身上罪犯曾经拖着两个孩子威胁要杀死小孩你是不是也要算他担心失去对方把恶性犯罪消解成社会影响对观众和受害者各打三十大板估计祖上八辈都是刀笔师爷出身学会了救生不救死
封面新闻,四川金川网红拉姆烧伤达多地网友前往探视希望她挺过去拉姆的大舅和姐夫只能在医院外面焦急地等待她现在还在重症监护室里面仍处于重度昏迷中月日中午四川省人民医院重症监护室门口围着来自都江堰阿坝县以及从外地出差回成都的云南籍网友他们来自不同的地方从事着不同的行业但此行有共同的目的探望月日在网络直播时被前夫纵火烧成重伤的四川金川姑娘黑姑娘拉姆真名阿某某网友来访她乐观坚强我们很多人在关心她根据此前拉姆家属发起的网络筹款平台信息月日中午封面新闻记者来到四川省人民医院重症监护室大门紧闭外面的窗户边坐着两男四女一询问都是来探望拉姆的我上午就来了还没吃午饭里面进不去医生也问不着他们不时小声讨论其中一名女孩说就想在这里等一等看能不能碰到她的家人之前想捐款没捐上筹款平台已经筹满了今天也带来了我其他朋友们的一点心意想亲自交给她的家人几名网友并不是一道来的却因为拉姆相遇都是拉姆的粉丝在成都上班的云南人高女士对拉姆的遭遇深感同情她身上有一种很乐观向上坚强的精神特别打动我高女士网名叫外衣虽然小时候在城里面长大但外公外婆爷爷奶奶生活在乡下对于拉姆以前在直播里的农村生活她毫不陌生按照一般人的套路拉姆她有两个孩子人又长得漂亮她完全可以以卖惨来博得网友的同情但她从来不这样做高女士说天助自助之人这就是拉姆能打动她的原因高女士说她知道自己到重症监护室来也见不到拉姆但她依然来了我想向她的家人表达一点心意同时也是想告诉她的家人我们有很多人都在关心拉姆支持拉姆四川省人民医院重症医学中心外科监护室伤者家属全身烧伤她是全家的顶梁柱尽管没见到拉姆本人但高女士等人在医院外见到了前来探望拉姆的家属她的大舅二舅和姐夫医生说全身烧伤达百分之九十听说整个人都被烧了特别是手已经蜷缩就算最终能死里逃生生活恐怕都不能自理了亲友们告诉高女士等人他们从金川县到成都来探望拉姆后续肯定还有许多需要帮忙的地方希望能够给拉姆一家搭一把手下午晚些时候封面新闻记者联系上了拉姆的几名家属大舅南木加说拉姆的两个孩子在她离婚时判给了她前夫拉姆想要抚养一个但最终没能如愿拉姆的前夫有家暴倾向两人感情一直有问题两人离婚复婚后又离婚最后没想到发生了这样的事拉姆姐姐卓马网名说为了妹妹的事情这些天她也是连轴转没时间回应广大网友的关切我妹妹是一个很善良很活泼很勤劳的姑娘也是我们家的顶梁柱封面新闻记者李华刚摄影报道
匿名用户,觉得离谱会有三观像坨屎一样的人还不是一个两个为什么烧的不是他们不用说我这么想很歹毒我对着没人性的人还就歹毒了真祸害活千年
大米饭粒,知乎上那些天天想找病娇对象的觉得病娇过瘾的现在知道他们会做什么了吧偏执极端占有欲本身就不是什么好词我国的法律没有通奸罪就是说即便结婚了也不存在人身依附关系这就是我们这个工业社会的现状相对松弛自由的婚姻关系东野圭吾某小说里女主角不也是这样为了所谓爱情的纯粹杀夫看似很浪漫很感人吧那如果你是受害者呢今天这个案件真的可以大肆宣传一下告诉我们找人格缺陷的人就是有可能变成黑炭躺在床上求死不能比如有处男处女情结的人就是把另一半当作所有物去对待的心理最后能捐还是捐点吧块不嫌少烧伤之后的一段时间是危险期姑娘不一定能活下来能帮也就这时候了
tnt,点开这个问题时犹豫了下因为担心看到有人在说活该让我血压升高
仙女星局长,结婚前一定要仔细考虑好一般这种类型的要小心妒忌心极强性格偏激心眼特别小虚荣心强现实中接触到很多表面很老实的人具备以上特点性格活泼的那种相对少很多当然不能太绝对男女交往中从小事就能看出来希望大家引以为戒
草履虫,看到这个消息我气得浑身发抖大热天的全身冷汗手脚冰凉这个社会还能不能好了女孩子到底要怎么活着你们才满意眼泪不争气的流了下来这个国家到处充斥着对女性的压迫女性何时才能真正的站起来
24601,还有什么好说的呢不婚不育保平安阿门
欢乐英雄12315,惨象已使我目不忍视了流言尤使我耳不忍闻我还有什么话可说呢这么多年了鲁迅从未缺席
半蓑烟雨,我希望国家能把恐吓罪之类的罪名落到实处这类罪名一直躺在法律里睡觉几乎没看见使用过现在大家已经对家暴零容忍基本形成了共识凡是有家暴行为的立马分手但是这只是第一步分手不代表安全比起事后惩处我们需要把事前预防的机制建立起来这几年最主要的就是把人身限制令和恐吓罪之类的落到实处现在还是有一种不好的陋习就是把一些威胁恐吓的话当作口嗨觉得没什么危害大错特错必须得让这些人受到教训才能知道话不能乱说以后应该建立配套机制比如有家暴行为的离婚必须附带着人身禁令禁止施暴者出现在受害者周围一旦违反严惩不贷另外凡是有威胁恐吓言语的不管是现实中还是在网上都得严惩别说什么太多了管不过来发现一起处理一起早晚能把这个风气扭转过来如果总是以执行太难为借口不去执行永远不会有进步
匿名用户,利益相关生活在多民族杂居地区的青海土著对该事件的某些东西真是感同身受这件事的根源在于中国许多农村地区普遍存在的大男子主义和扭曲极端的性三观拉姆被前夫泼汽油的原因在于其前夫也关注着她的抖音账号而拉姆的抖音账号评论区经常有男性叫她老婆虽然这个好姑娘会对每一个称呼她老婆的人义正言辞的说她已经结婚了但在她前夫眼里这就是生性放荡前两年在青海认识一个已经结婚的姐姐大我好几岁有一个儿子一个女儿我跟她是餐饮合伙人关系这个姐姐真的是成熟贤惠情商高为人处事超有原则可她有个极度恶心的老公恶心到什么程度呢每晚都要查手机微信电话记录且不允许她跟任何男性有非必要事情之外的联系我跟这个姐姐工作期间她还被她老公因为这些事打过这个姐姐的老公跟拉姆的老公是同一类人这类男性基本上混的都不好各方面条件差的同时还极度大男子主义性格自私女人对于他们来说只是附属品和传宗接代的工具与此同时这类人的性三观极端保守男女之事的思想核心还秉持着男女授受不亲那一套其他地区我不清楚但从小我身边这类男的真的是多如牛毛为什么开头表明自己的青海人身份呢因为阿坝州这个地方虽然在四川但是跟青海接壤这里的藏族跟青海的藏族差异很小当然了现在这些少数民族都现代化的比较彻底了这种普遍存在的恶心的性格也是跟其他这类人如出一辙我觉得如果我是女孩子谈恋爱结婚对于男方的首要要求就是尊重女性没有大男子主义只有把你当人的人才能在三观良好的基础上在任何时候把你当人对待而不是像对待一只畜生一样做出往你身上泼汽油这种事最后逝者安息人渣尽量多给他些日子再枪毙太早一枪蹦了太便宜他了先让监狱里的好好收拾收拾
UV爱刻光栅,人间惨剧更可怕的是这样的事件今年已经发生多起了反家暴法的实施和普法宣传有没有值得改进的地方有没有可能采用判罚号房的办法对罪犯就行容貌公开
希斯粉讨厌希斯吹,一直在关注这个新闻看到了很多受害者有罪论真的是气死我了跟他们讲道理都费力气特地补充点事件背景以下内容节选自自媒体谷雨实验室注在病床上斗争天后拉姆已于月日晚不幸去世暴力唐某身材高大五官粗犷他的一位邻居告诉我唐某初中一毕业没有再继续读书开始跑面包车后来家里卖了地父母开了个茶楼收入不错唐某也就闲在了家里没有工作他和拉姆算是青梅竹马十七八岁就在一起耍朋友没多久就结了婚在一起十多年生了两个儿子婚后没多久卓玛发现拉姆的脸上有时候会红肿身上也有一些青紫拉姆性情隐忍只跟姐姐提过一次唐某扇她耳光脸上肿着她怕出去被人看见几天都不敢出门拉姆的表嫂巴尔木提到拉姆的家族时一声叹息在她眼里父亲三郎甲老实巴交木讷少言他很善良但也可以说是软弱什么也不敢说母亲是家里的顶梁柱精明强干什么都会做饭菜做得香毛衣也打得精致上山挖药也是好手村子里商量什么事情她也是敢说话的那种知道女儿受了委屈母亲会去找唐某理论在巴尔木印象里唐某当时会有所收敛妈妈在的时候他不太敢的年母亲查出胆囊癌晚期家里没有钱做化疗只能回家养病没钱治就等死在家里撑了一年之后母亲离世卓玛记得也就是在那之后妹妹身上的伤开始变多也更加明显每次打完之后唐某会跟拉姆认错她每次都会原谅他她舍不得孩子一直觉得唐某还有机会改卓玛说年前拉姆怀上了第二个孩子尼珍劝过她你不应该怀这个的他要是不改你怎么办拉姆说没关系的他为了小孩也会改的然而家暴在持续升级甚至不再避讳他人尼珍记得有一次春节娘家聚会唐某突然把拉姆拉到街上揪着头发冲着眼睛给了拉姆一拳她头发右上角也被揪秃了一块儿唐某不喜欢她回娘家每次拉姆回家他都跟着她想在尼珍家住一个晚上但唐某不同意拉姆也不敢坚持我们也不敢说什么害怕回去的路上唐某打她嘛尼珍说没人敢挑战这种看上去肆无忌惮的暴力人们似乎接受了这个现状没人敢为她说什么父亲在高大的唐某面前总是沉默有时还会发抖拉姆可以诉苦的人只有姐姐但卓玛记得只有实在瞒不住的时候拉姆才会简单跟自己讲讲发生了什么她知道我们家里面没有可以靠的人好多事情她就不说只有她自己明白有多苦说到这一段的时候卓玛捂住了双眼尼珍能感觉到拉姆的变化她们一起长大年少时拉姆是一个活泼的姑娘笑容总是很大婚后几年见到亲戚时拉姆还是经常笑但到了后来尼珍觉得那个笑容好像只是虚浮在脸上转瞬即逝把朴素的生活做成了鲜花拉姆真心的笑容更多地出现在短视频里上山挖药的无人之时在深山里一呆就是十多天这些时间她展现出与平日截然不同的样貌她会仔细拍自己吃的三餐早饭通常是糌粑粉拌酥油浇上热茶再放些白糖她一边吃一边对着镜头说很好吃哦朋友们她在野外搭了个土灶晚饭通常是煮面条蒸米饭炒土豆丝腊肉捡来的黄丝菌配上青椒一起炒饭菜其实很简陋但她端着一个很大的饭盆吃得很香因为在山里就是要吃很多在野外有时候没有碗她就拿塑料袋当碗折两根树枝当筷子偶尔带了可以自热的鱼香肉丝米饭能吃上热乎的她就很知足她说今天的生活可真好挖来的羌活太重了拉不动她把树枝砍下来绑在一起做成一个可以拖着走的架子办法都是人想出来的很简单的站在离天最近的地方她还会给牦牛唱歌在那东山顶上升起白白的月亮对着远山大哥打呼哨会收到挖药人的回音她也会在蓝天白云下随着音乐起舞舞姿轻盈眼神明亮她很少化妆衣服也破旧身上总是脏兮兮的但在平台上拥有万粉丝有一位粉丝评论说她把辛苦的工作做成了阳光把朴素的生活做成了鲜花视频里的拉姆看上去像是未曾经历痛苦也没有被残酷的生活打败她睡在石头搭的屋子里顶上是遮雨的塑料布经常漏水但她却一直在拍几簇从石缝里挣扎长出来的黄色小花她说朋友们你们看帐篷里都开花了今年春节前她坐在那辆五菱面包车里说着明明很沮丧的话声音却很洪亮喊着马上要春节了每天还早出晚归钱也没有挣着人也很辛苦这就是我们的人生加油淳朴善良又美丽的姑娘那些视频中丝毫看不出她对生活中的苦累的半点抱怨只有她脸上的笑和眼中的光一位名叫湖畔旧人的网友在微博上评论许多人说她成了网红但她并没有靠这个赚钱卓玛记得有粉丝给她刷礼物的时候拉姆会劝对方不要刷礼物别浪费钱烧伤之后需要筹集医药费有人让卓玛去看拉姆的平台后台说肯定有很多钱网红直播一晚上就有好几万她去看了账户上仅有两千块钱她只想靠自己的双手努力挣钱卓玛说在尼珍看来那些短视频是拉姆为数不多的出口之一上面有人跟她说话为她加油她还是比较安慰一点吧在家里的话视频一关又把她打回以前的那种生活她很少跟粉丝提及现实生活里的不如意偶尔会有敏感的粉丝发现她脸上有点淤青她也并不多做解释一个在成都工作的表姐曾多次劝拉姆出来打工来成都烧烧烤也比在那儿天天挨打强啊在观音桥拉姆这个年纪的人只要会说点普通话大都在外地打工吃的也好衣服也穿得干干净净的谁会愿意天天挖药吃苦拉姆也向往大城市里的生活但每回想一想都算了卓玛说她觉得如果出去了的话她见不到两个孩子爸爸身体也不好肯定要照顾她爸爸嘛卓玛觉得拉姆想要的生活很简单她没有什么宏大的理想只要能抚养两个儿子长大照顾好父亲就可以在视频里她会给父亲洗头发还会吹个发型两个儿子也经常出现她会轻轻抚摸他们的头亲一亲说你们俩就是我的生命时刻提醒我要努力威胁即使是那样简单的生活依然是遥不可及的唐某最严重的一次家暴发生在今年月他拿着板凳重重砸在了拉姆的右半身造成她右臂骨折卓玛在娘家见到逃回来的拉姆她当时脸上全是淤青脖子上有被掐的淤痕拉姆的小儿子指着凳子哭着跟卓玛比划大娘爸爸打妈妈所谓原因大概都是些家庭琐事拉姆告诉卓玛这次家暴是由于唐某在网上打牌输了些钱心情不好就又动了手拉姆觉得如果不离婚也许就要被打死了她和唐某在月协议离婚大儿子归自己小儿子归唐某卓玛不清楚唐某为何如此轻易地同意离婚她得知消息时拉姆已经办完了手续但事情远没能结束拉姆告诉卓玛回家养伤没几天唐某找来跪下来重重地磕头认错悔恨发誓自己以后再也不动手了见拉姆不为所动他变得愤怒而疯狂拿着菜刀架在小儿子脖子上不复婚我就杀了他拉姆告诉卓玛唐某还带着两个孩子去了河边说不复婚他就带着孩子一起跳河在卓玛看来唐某捏住了拉姆的死穴对于一个母亲这种威胁几乎是无法反抗的没多久拉姆和唐某又复了婚但是不到天的时间里拉姆又被打了两次她带着小儿子躲回了娘家大儿子在上学在卓玛印象中拉姆从未因为自己挨打报过警我们那里的人觉得这种事很丢人不愿意说出去一位民警告诉我从去年到今年派出所多次接到过拉姆的报警原因都是唐路来娘家找她这次躲回家之后唐路再次很快带着家人找上门来要把孩子带回去拉姆报了警办案民警去到现场的时候看到两家在吵架抢夺孩子他认为这属于家庭纠纷能看出来拉姆一家是弱势的一方一个女孩子父亲身体也不好我们还是会愿意多站在她这边警告男方不要太过分别动手但是在此之外其实能做的也很少清官难断家务事后来拉姆不敢回娘家在亲戚家轮流住了一个月唐某找不到她天天给她发短信你要是不回来我把小孩杀了他找到卓玛开的特产店里要人逼她给拉姆打电话卓玛拒绝了唐某一拳砸在了卓玛脸上她倒在地上爬不起来那一拳造成她的左侧眶骨骨折在医院住了三个月直到现在卓玛眼睛下方还能看到凹陷进去一块如果仔细审视拉姆的人生会发现那不仅仅是一个女性被丈夫摧毁的故事那几乎是一个无法逃开的悲剧惨案发生之后卓玛反复复盘如果母亲还在如果父亲不要那么懦弱如果拉姆出去打工如果曾有外部力量介入施以保护然而在现实里没有一桩如果发生命运避开了所有变好的可能性卓玛被打之后她哭着给拉姆打电话拉姆近乎平静地说姐姐我们的命可能就是这样只能靠我们两个自己她让卓玛不要哭你还有我尼珍觉得也许就是在那时拉姆下定了离婚的决心她告诉尼珍为了小孩我忍到了现在小孩大一点的话我可以走远一点打工什么的但是姐姐被打了爸爸也会被打的他已经是无法无天再也不可能改了拉姆不怎么认识字她去县城里找人写了离婚起诉书她还是会时不时收到唐某的威胁短信但她没有再犹豫月底法庭宣判的时候很多亲戚给她打电话问要不要陪她去她都推辞了她说她自己去面对一个人自己去解决卓玛说她想要争取到哪怕一个孩子的抚养权但法院最终把两个孩子都判给了男方由于判决书和离婚证都锁在了拉姆家一层的纵火现场现在无法进入卓玛未能获取到判决书的原件也无从得知这次判决的依据卓玛猜测应该是因为对方经济条件好唐某跟拉姆协商想要孩子的话就别离婚了这次她没有再妥协她失去了两个孩子从法院出来她给姐姐打电话哭得撕心裂肺巨石拉姆告诉卓玛她的背上像是背了块巨石但是这次离婚之后她说我背的那个石头已经放下来了她放不下的是两个孩子她想着努力挣钱经济条件好一点就可以再把抚养权争回来卓玛记得妹妹在山上挖药的时间更长了以前雨天的时候会歇一歇现在连雨天也在挖再大的雨她都不管她变得更节省护肤品只买几块钱的宝宝霜装在塑料袋里化妆品只有一支便宜口红还是别人送的每个月有一星期她可以见孩子那是她唯一慷慨的时候她会带着孩子去县城里的游乐园给他们买好吃的她的视频里最频繁出现的字眼变成了挣钱她想攒钱让孩子读书自己不太识字有时候网友的评论都看不懂她不想让孩子重复自己的命运可是这一切都被摧毁了没人知道为什么在离婚三个月之后唐某突然决定采用如此极端的手段唯一的预兆是一位粉丝后来告诉卓玛拉姆下山之前的一条视频里唐某曾评论你什么时候下山我们的问题解决一下案发后我们未能找到这条评论躺在救护车上时拉姆还有一丝意识她对三郎甲说阿爸如果这次我死了姐姐以后来照顾你的生活她全身都疼又跟姐夫仁央说到了医院你让医生给我打个针让我死我这辈子完了我痛得受不了这样活着没意思她伤得过重在阿坝昏迷的时候医生建议他们转院去成都治疗但费用高昂光是救护车往返的块钱家里都凑不出来亲戚劝卓玛要不放弃治疗吧即使活过来拉姆可能也不会接受自己父亲六神无主一直在哭在一团混乱和嘈杂中卓玛做了转院的决定只要她还有一口气在手脚什么都坏了我都愿意照顾她我跪着要饭我也要救她这桩惨烈的案件引发了外界的关注仅用了半天卓玛在水滴筹上就筹到了万支撑了拉姆迄今为止的费用父亲三郎甲受了很大刺激常常陷入无意识状态别人跟他说话很多时候他都听不到听到短视频里拉姆的声音会不停地哭卓玛有时候发现父亲半夜在外面游荡整个人像是丢了魂一样神情恍惚唯一的好消息是在昏迷了天之后月日拉姆有了一丝清醒的意识左眼半睁卓玛进不去只好让护工把手机放在拉姆的耳边她跟妹妹说话安慰她拉姆嗓子里插了管子说不了话但听着卓玛的声音左眼慢慢有眼泪渗出来但她在短暂清醒再次陷入昏迷依然未能摆脱危险状态医生告诉卓玛对于拉姆的状况万是杯水车薪她在重症治疗室的日常和手术费用已经花掉了将近万此后至少还需要在治疗两到三个月至少要做次植皮手术后续费用在万以上更坏的消息是拉姆也许将失去挖药的双手医生告诉卓玛手烧得厉害可能需要截肢卓玛打电话给我语气哽咽反复说你能不能找北京的专家帮帮我我想保住她的双手她接受不了的她什么都没了我去了拉姆半山腰的家里一层已作为纵火现场被封锁保护只能看到窗台外面摆着她洗得干干净净的解放鞋那是她打算第二天上山要穿的二楼晒着各种菌子有自己吃的也有准备要卖的车库边摆放着好几摞干柴都是她从山上捡回来的码放得整整齐齐足够这个冬天烧了门外还有一辆小朋友驾驶的玩具车旁边小菜地里的芫根和大葱是她种的已经长高了菜地边缘开着几株黄色的万寿菊眼前的一切都是她想要过的新生活自由的免于恐惧的生活
随意,也是醉了为什么我第一次的回答罪犯严惩要么死刑要么烧回去会被强制删除我承认我第一次看到是太生气了发表了言论但也没违反什么规定吧更气了
虞冰,有时候觉得酷刑不是没道理的建议这个前夫被炮烙
匿名用户,今天凌晨刷抖音得知她还是没能挺过来心里哽得慌想到又是国庆就点开相声节目视频想整理一下情绪可是我却边看视频边流泪痛心啊那样一个对生活充满了希望渴望好好活下去用最美丽的笑容来迎接每一天的好姑娘却被畜牲以最残忍的方式折磨至死拉姆在藏语里是仙女的意思可是这位仙女她的脸庞笑容歌声再也没有了今天我和很多好友都说了这件事但是说着说着我的眼泪就止不住真的太难过了悲剧就是把美好的东西毁灭给人看也许这件事情会随着时间淡忘可是这普天之下还有许多的拉姆们谁又来为她们发生难道真的要等悲剧发生了才会去痛心然后又被淡忘如此循环往复真的就到了什么都做不了的时刻姐妹们擦亮眼睛看清身边的豺狼这是我们最后的底线
Fong777,我看到那个烧伤图我都要惊呆了还以为是特效人怎么可以烧的这么黑希望法律制裁凶手希望网友的热心捐助让姑娘早日康复
土豆,法律责任若是有炮烙之刑想必很适合这位前夫我很想说姑娘们男性与婚姻从来都不是必选题若是真爱请仔细留心对方人品万分小心确认后再考虑要不要踏入婚姻我们没办法改变男权社会与法律只能小心保护我们自己越来越喜欢那句话不婚不育保平安
hyy200li,希望大家都关注后续别人恶人逃避惩罚
汉尼拔,我不明白到底跟网红有什么关系这是一个受害者是一个被打骂的妻子是一个被刀砍被严重烧伤的人她有自己的喜怒哀乐酸甜苦辣是努力活着的中国底层人民的缩影啊是不是网红有什么关系呢
我不到啊,不会真的有人说一个巴掌拍不响吧不会吧不会吧女性不要急着结婚不要被一时的甜言蜜语冲昏了头脑出现问题就立马分手做事要果断你前期不果断后期你命就没了
www,天哪多好的一位姑娘怎么会发生这种事女孩子还是离除了亲人之外的男人远一点吧真的谁知道别的男人心里是怎么想的每次看到这种新闻我就心疼越来越支持女孩子不婚真的这么多报道这哪还是小概率事件
法律人蒙大拿,蓝天白云雪山草地采药放牧诗意般的美好并不能排除魔鬼般的恶念她和施暴者之间的恩怨不是外人所能知但有一点是她和那些在街头被砍倒的受害者一样的那便是你再美好的生活也经不住罪恶者一次任意的发泄网红之死之所以让人唏嘘一个重要原因是她展现出的一切吸引网友的美好在这一刻赫然停止而且这样的反差同样被展示给大众让大家明白了原来诗意般的美好旁边也有恶魔的存在刑事犯罪学其实很早就研究过这样一个问题一个人之所以没有成为恶人不是他天生不具备恶人的基因而是他没有条件成为恶人拉姆和她所代表的美好的遭遇再次向大家传递一个信息那就是你以为的罪恶就潜伏在你生活的周伟尤其在这个物欲横流压力倍增的时代对自己最好的保护除了远离罪恶更是不要让自己成为罪恶的诱因甚至条件说的更直白一点大家都减少一些戾气减少一些执念给美好创造延续的条件不要给罪恶以滋生的温床
水瓶颜颜,这一年来发生各种事件的被害者他们事前有没有预感或者会想到发生这样的事作为女同胞深感无力爱莫能助
观海听涛,惨无人道这是故意杀人凶手必须严惩
公子,当前的法律取消了酷刑所以谋杀才能如此狠毒建议恢复满清十大酷刑
浮黎,这次事件要严惩的只有她前夫日常迷幻
柯柯基基,印度人正常操作同情可以捐款吗
luxe,有些男人真是不配做人下辈子去印度当女人吧体会下被镰刀活剥是啥感觉
HK哈喽,这个世界有太多人脾气暴躁爱冲动远离他们更不能和他们结婚做好自我防护在户外提高警惕多观察周围环境我统计过类似砍人等恶性犯罪在南方发生的更多尤其湖南广西江西东北的黑龙江也蛮多其实也不必过度害怕遇上这种事跟彩票中头奖一个概率
FXX,儒家文化三从四德嫁夫随夫
vv维内托,六千万生殖焦虑的单身屌丝每天一人作案可以连续作案年
刀锋战微芒,你挑动男女性别对立我干什么了你把新闻复述了一遍
无影,不是死亡我也不认识她但没想到以这种方式认识她究竟什么样的男人如此恶毒的对待这样一个纯朴善良的姑娘据悉拉姆的前夫名叫唐龙烧伤事件发生后有记者去实地采访还联络到了拉姆的家人在家人的描述中拉姆前夫唐某是个五官粗犷身材高大的人拉姆和唐某初一毕业就没读书了父母在做小生意唐某也没有工作刚成年岁两人就在一起后来自然而然结婚生子结婚后唐某开始暴露他的家暴本性拉姆回娘家经常脸上红肿身上青紫娘家人没人能帮拉姆讨回公道除了去世的母亲拉姆父亲是一个懦弱胆小的人姐姐卓玛自己已有了家庭母亲是家里的保护者生前看到女儿受伤害会去找唐某当时家暴还没有太严重母亲去世之后拉姆身上的伤痕越来越多唐某打完之后会向老婆道歉每次都得到了原谅拉姆以为他会改后来唐某因为一件琐事把拉姆打到右臂骨折拉姆想离婚唐某跪下来认错拉姆不同意他拿着刀架在小儿子脖子上威胁她离婚就杀了儿子两人的婚姻维持了年在今年六月份两人才正式离婚根据拉姆姐姐卓玛的采访得知唐龙曾多次动手打过拉姆并且在与拉姆离婚前一个月差点将拉姆掐死此前两人曾离过一次婚但拉姆为了孩子与唐龙再次复婚但复婚后依旧惨遭家暴而在今年五月份两人离婚前一个月拉姆为了躲避唐龙曾搬到卓玛家姐姐家去住得知情况的唐龙更是将卓玛一起打了导致眼眶骨折亲戚们仿佛都习惯了唐龙的家暴每次唐龙也会拿孩子威胁拉姆在出事前几日唐龙也更新了社交平台他晒出与孩子们的日常与孩子一起玩耍一起互动始终维持一个好爸爸的形象他的状态看上去一切也都很正常而在月日后就没有了孩子身影据知情人透露唐龙而之所以用汽油焚烧拉姆其根本原因是因为嫉妒两人离婚后觉得拉姆现在过得好了唐龙看见别人过得好自己过得不好心里面嫉妒况且离婚后拉姆更加开朗不正常的心理导致唐龙走向了极端夺走了拉姆的生命
形色随风,感觉现在社会不正常的人好多大家多加小心吧这一天又是高中生杀两个女同学又是前夫杀前妻的感觉可以让人安心的人和事真是太少了
我不认识字,早就说烧伤到这个地步基本没救了少点痛苦一句走好这问题也简单无非就是故意杀人
红烧大板儿砖,如果没有其他原因的话一般来说烧伤致人死亡的大多数死刑严重毁容的也有死刑的先例纵火伤人杀人判罚都比较重
苍月,有感情纠葛并且没有使受害人直接死亡不会判死刑的现实就是这么残酷
清谈,网红是特殊身份对网红犯罪是从重还是减轻处罚提出这种问题的是觉得你不是普通人还是你所代表的不是普通人
情意三千,故意杀人这法律的惩罚应该是判死刑吧
小土拨鼠吃小苹果,死刑
1234567890,死刑
曲线最短,站上看到最新消息拉姆已经去世了唉这属于故意杀人且造成严重社会影响不出意外的话应该是死刑千万别判成死缓了
成利和長広,怎么看待每天一个恐婚恐男对了不会打拳但是恐男已经有了
残月乱樱今宵夜,太恶劣了大白天看得人浑身发冷必须严惩
随便来个用户名,如果发现不适合在一起为什么不洒脱的互相还以自由而要用暴力解决问题呢特别是对方还曾经为你生下了两个孩子
瑶妹,不婚不育不谈恋爱远离男性保平安法律一天不保护女性被男性暴力伤害的女性就永远不会停止每次看到这种新闻我都很想支持同态复仇
匿名用户,一开始我以为是那种普通的网红直到看了拉姆的抖音心里好难受哭了一会儿天妒红颜她的大儿子感觉很像他的前夫小儿子还小不过明显缺乏教育母亲所有精力都在艰难谋生孩子很难受到全心全意的照顾不明白烧伤是什么概念惟愿美丽的姑娘能扛过来至少是孩子一生的牵挂
布雷斯塔,拉低了我对藏族男人的评价
匿名用户,我的天啊看到那张照片真的全身发冷这么明媚这么好看的一个姑娘眼睛里有星星笑起来像在发光畜生为什么下得去手啊
姆希塔良,我觉得应该恢复凌迟像这种以极其残忍手段伤害他人的只有活剐了他才能警醒世人当然了从另一个角度来说本来结婚率就不高今年还老出这种事微博拳师们又要开始带节奏了我这里所说的带节奏是指那些一出事就把所有男人一棍子打死的大雪纷飞东晋武将桓温身穿一身戎装去打猎清谈家刘惔见到桓温这身打扮就问蝈男身穿战袍干嘛去啊桓温回答没有我们这些蝈男你还能坐在这里清谈吗凡事在底下留言的拳师你们请记得你们的家人也是国男
未入门的炼丹学徒,周五晚上很轻松的准备刷一下微博热搜就睡觉看看今天距离梧桐还有多久没想让我看到了这条热搜重伤图让我看着实在是惊恐不已内心直觉就是这个女孩几乎是彻底被毁了那么阳光的一个女生我之前没见过全身炭化文字无法形容此刻心情古代说杀人放火这故意纵火焚烧简直没有一丝丝人性让我想起了杭州保姆纵火案同样的恶劣毁灭人性但是微博女拳大和小号实在是太多了整个评论区都被带成了男女对立恐婚一个个体的卑劣怎么就这么简单的上升到对整体的评价呢婚姻中作恶的女性也不是没有如此说来女性都是该抵制的了如果用思考问题的话肯定不是这么回事儿嘛小概率事件和大概率事件对你的决策有多大的影响针对你自己实际的生活圈子又是什么情况针对你自己找的另一半又是什么情况不知道这种遇到什么事儿都用来宣扬群体对立的风气是怎么产生的因为女拳这个群体本身就有利益驱动吗我不知道这些女拳大经历了什么她们是真的因为周围的男性都是如此不堪么至少我周围的男性长辈和同辈至少成以上都是靠谱的丈夫和父亲如果有的选谁还不想做一个好人那如果圈子不同周围遇到的都是垃圾那实在是抱歉您辛苦了来知乎看一下知乎大佬发了一张图这张图说明了很多问题她前夫占有欲很强这一点大家都说了本来是自己的老婆现在在直播平台被很多陌生男性天天口花花的喊老婆不管是不是真的属于开玩笑和流行语这种行为对传统家庭的男性和女性都会是一个非常大的冲击本来处于平衡稳定的小家庭一方突然受到外界的大量关注和称赞明星般的待遇瞬间会打破原有的平衡不管男女受到关注的一方肯定会面临很多诱惑这里就不说了因为不合适这个问题下讨论另一方则会越来越担心自己失去对方有的人会选择默默地作为支持者两个人的小家庭一个最小的团队一人出彩一人幕后有的人会在其他领域更加的拼搏希望实现另一种平衡有些人自怨自艾直至彻底跟不上但是有人内心会产生一种毁灭冲动得不到的就毁掉而且付诸行动人心皆有恶念善恶也在一瞬间看到最后一张图我觉得这次的事件虽然是极其恶劣但是背后隐含的问题应该更为庞大我们有没有解决方案靠法律的严惩肯定是一个最终的最有效的手段但是这并不一定能降低悲剧的产生新事物对传统家庭的冲击该如何疏导需要我们认真的思考说这么多我个人是对传统的家庭生活抱有非常大的憧憬是很乐观的我不希望男女对立不希望新事物对传统家庭生活造成负面冲击更不希望如此悲剧的发生行文逻辑有些混乱但是希望大家理性讨论无脑打拳一律拉黑真正的女权不是特权不是无脑挑起男女对立不是整天丑化恶化中国男性是努力让整个集体变得更好是申纪兰奶奶提出的男女同工同酬从经济基础上将女性的解放出来是张桂梅老师将知识和自立自尊教给那些懵懂的女孩儿们不是微博上的那些无脑带节奏的拳师整天只知道像瑞典女孩一样站在所谓的高处阴阳怪气指责各方
匿名用户,看到这个新闻我也有些害怕没什么经济能力双方父母在国内我们在国外常常他会威胁我说不可能离婚也要一起吵架有好几次他真的在找刀子还有一次吵架他开燃气灶我立刻就关了大概有开几秒钟没工作没朋友也不敢向别人诉苦好的时候非常好体贴情绪暴躁时砸过两次东西用喝水的铁瓶砸坏一次是桌子一次是电视机有次连隔壁邻居都过来敲门问怎么了在前几天还因为吵架差点又砸电视机我在旁边大声说话他要我闭嘴别说看到他要拿水瓶的动作我连忙不敢继续了有一点虽然他说过很多次想我死但一次也动手打过我精神暴力也算吧就是让我有点恐惧特别是看了这么多这么多案子害怕不知所措娘家也无能为力只是劝我赶快找一份工作要我忍耐说他是经济压力大才会这样发脾气和威胁有人能告诉我该怎么办吗
酥脆天妇罗,在这样的社会事件发生时不该那么急着站队吧一旦性别对立的大旗拉起来真正的问题不就被掩盖住了吗
匿名用户,希望之后针对这种极其恶劣的犯罪可以投票选择死刑方式这个案子我想投凌迟必须割出三千刀以上才能死
匿名用户,怎么说听到拉姆被烧伤可怜她的遭遇也为她感到愤怒但是并不觉得这种情形被救下是一种幸运听到她去世的消息反而觉得这是她万种不幸中的一点万幸了应该为她的解脱感到开心才对太惨了这种烧伤面积烧伤的疼痛度应该是所有创伤中等级最高的对这种重度烧伤幸存者完全是一种生理兼心理的双重折磨去世反而是一种解脱能熬过这种非人痛苦存活下来的丧失自理能力丧失工作能力要接受自己的残缺丑陋要面对陌生人惊恐异样的眼神等等都是对普通人而言巨大的难题希望她在天堂没有伤痛也希望她前夫这种垃圾人能感受下被火烤的滋味
王姐哒,拉姆回家养伤没几天唐某找来跪下来重重地磕头认错悔恨发誓自己以后再也不动手了见拉姆不为所动他变得愤怒而疯狂他拿着菜刀架在小儿子脖子上不复婚我就杀了他拉姆告诉卓玛唐某还带着两个孩子去了河边威胁拉姆不复婚就带着孩子一起跳河在卓玛看来唐某捏住了拉姆的死穴对于一个母亲这种威胁几乎是无法反抗的纵火如果一切顺利的话拉姆此刻会在山上挖羌活这是一种半人高的草本植物生长在海拔米的高原上叶片像鸟儿的羽毛一样根茎晒干后可以入药每年月是羌活最好的季节在四川阿坝的观音桥镇拉姆和父亲会开着一辆破旧的五菱面包车进山到半山腰时车就上不去了两人得走路往更高处去海拔越高羌活的品相就越好拉姆穿着一双旧旧的绿色解放鞋扛着药锄背上是一个脏污的黄色编织袋她仔细地搜索森林的边缘和灌木丛整个夏天她都在山上但成果很大程度上依赖运气有时一天能挖好几斤有时一天一株也找不到晒干的羌活一斤能卖大约块钱一年收入不到两万块钱这几乎是拉姆和父亲的全部收入在短视频平台上拉姆这么介绍自己家穷人丑一米六五小学文化农村户口她并不丑陋是一个眼神明亮鼻梁高挺的姑娘笑起来脸上有浅浅的酒窝拉姆今年岁却有一双极其粗糙的手食指和中指是黑的那是常年挖药的痕迹羌活根深常常要用手挖山上多雨土壤潮湿几个月下来手会开裂乃至烂掉脏污用肥皂使劲搓也搓不掉拉姆在短视频里有点怯怯地说手很脏勿喷因为是挣钱的手然而那双挣钱的手现在已经完全变成了黑色五指僵硬地蜷曲无法伸展月日拉姆被前夫唐某浇了满身汽油后纵火焚烧她在医院的里深度昏迷了天全身以上烧伤整个人都是焦黑的只有右胸有一点点完好的皮肤拉姆的姐姐卓玛告诉我除了烧伤还有六七处刀伤额头上的伤处深可见骨接走的时候表妹尼珍看了拉姆一眼脸已经完全烧完了好像有点变小了鼻子本来很高的现在只有一点点小小的由于病情危重月日拉姆被转到四川省人民医院医生告诉卓玛拉姆身上的一些肉已经烧熟月日她接受了一次大手术把那些肉和皮全部都给她割了等于剥了一层皮至今她尚没有渡过危险期观音桥是个安静的小镇居民余人人们印象里很少有如此惨烈的案件拉姆和唐某在今年月底离婚据卓玛的丈夫仁央后来回忆月日晚上八点多唐某骑着一辆摩托车到了半山腰的拉姆家车子后面是一把长四五十厘米的西瓜刀和一个斤的汽油桶他还随身带了一把小的水果刀拉姆当时正在厨房里直播和粉丝们说话一名看她直播的观众见到一个人走进来然后手机屏幕就黑了之后听到尖锐的呼救声拉姆的父亲三郎甲和仁央在另一个房间睡觉也被拉姆的呼救声吵醒当他们冲到厨房时看到拉姆的全身已经被浇上汽油厨房和客厅的地面也全是油唐某一手拿着刀比在拉姆的脖子上一手拿着打火机他是准备杀我们全家不光是我妹妹从唐某带的汽油和刀具数量卓玛判断三郎甲记得当时拉姆撕心裂肺地冲他们喊阿爸快跑他要把我炸了他全身发抖和仁央跑了出去又想起来要报警仁央跑回屋里拿手机他们听到拉姆哀求的哭声仁央还没有打通火便开始燃起迅速蔓延整个屋子之后响起巨大的爆炸声卓玛事后听说唐某亦被火势波及面部受了伤也许是因为紧张他没有骑摩托车离开而是走路下了山在山脚的小卖部他要了一瓶矿泉水喝老板被他满脸熏黑的样子吓住了之后唐某被赶到的公安抓获一位观音镇的民警告诉我唐某身上有的面积烧伤最严重的是面部一层皮已经烧没了他目前正在阿坝州府马尔康市的医院进行治疗尼珍说也许是因为慌不择路唐某下山的时候跑丢了一只鞋那只白色的休闲运动鞋现在还扔在山路边没人敢碰暴力唐某身材高大五官粗犷他的一位邻居告诉我唐某初中一毕业没有再继续读书开始跑面包车后来家里卖了地父母开了个茶楼收入不错唐某也就闲在了家里没有工作他和拉姆算是青梅竹马十七八岁就在一起耍朋友没多久就结了婚在一起十多年生了两个儿子婚后没多久卓玛发现拉姆的脸上有时候会红肿身上也有一些青紫拉姆性情隐忍只跟姐姐提过一次唐某扇她耳光脸上肿着她怕出去被人看见几天都不敢出门拉姆的表嫂巴尔木提到拉姆的家族时一声叹息在她眼里父亲三郎甲老实巴交木讷少言他很善良但也可以说是软弱什么也不敢说母亲是家里的顶梁柱精明强干什么都会做饭菜做得香毛衣也打得精致上山挖药也是好手村子里商量什么事情她也是敢说话的那种知道女儿受了委屈母亲会去找唐某理论在巴尔木印象里唐某当时会有所收敛妈妈在的时候他不太敢的年母亲查出胆囊癌晚期家里没有钱做化疗只能回家养病没钱治就等死在家里撑了一年之后母亲离世卓玛记得也就是在那之后妹妹身上的伤开始变多也更加明显每次打完之后唐某会跟拉姆认错她每次都会原谅他她舍不得孩子一直觉得唐某还有机会改卓玛说年前拉姆怀上了第二个孩子尼珍劝过她你不应该怀这个的他要是不改你怎么办拉姆说没关系的他为了小孩也会改的然而家暴在持续升级甚至不再避讳他人尼珍记得有一次春节娘家聚会唐某突然把拉姆拉到街上揪着头发冲着眼睛给了拉姆一拳她头发右上角也被揪秃了一块儿唐某不喜欢她回娘家每次拉姆回家他都跟着她想在尼珍家住一个晚上但唐某不同意拉姆也不敢坚持我们也不敢说什么害怕回去的路上唐某打她嘛尼珍说没人敢挑战这种看上去肆无忌惮的暴力人们似乎接受了这个现状没人敢为她说什么父亲在高大的唐某面前总是沉默有时还会发抖拉姆可以诉苦的人只有姐姐但卓玛记得只有实在瞒不住的时候拉姆才会简单跟自己讲讲发生了什么她知道我们家里面没有可以靠的人好多事情她就不说只有她自己明白有多苦说到这一段的时候卓玛捂住了双眼尼珍能感觉到拉姆的变化她们一起长大年少时拉姆是一个活泼的姑娘笑容总是很大婚后几年见到亲戚时拉姆还是经常笑但到了后来尼珍觉得那个笑容好像只是虚浮在脸上转瞬即逝把朴素的生活做成了鲜花拉姆真心的笑容更多地出现在短视频里上山挖药的无人之时在深山里一呆就是十多天这些时间她展现出与平日截然不同的样貌她会仔细拍自己吃的三餐早饭通常是糌粑粉拌酥油浇上热茶再放些白糖她一边吃一边对着镜头说很好吃哦朋友们她在野外搭了个土灶晚饭通常是煮面条蒸米饭炒土豆丝腊肉捡来的黄丝菌配上青椒一起炒饭菜其实很简陋但她端着一个很大的饭盆吃得很香因为在山里就是要吃很多在野外有时候没有碗她就拿塑料袋当碗折两根树枝当筷子偶尔带了可以自热的鱼香肉丝米饭能吃上热乎的她就很知足她说今天的生活可真好挖来的羌活太重了拉不动她把树枝砍下来绑在一起做成一个可以拖着走的架子办法都是人想出来的很简单的站在离天最近的地方她还会给牦牛唱歌在那东山顶上升起白白的月亮对着远山大哥打呼哨会收到挖药人的回音她也会在蓝天白云下随着音乐起舞舞姿轻盈眼神明亮她很少化妆衣服也破旧身上总是脏兮兮的但在平台上拥有万粉丝有一位粉丝评论说她把辛苦的工作做成了阳光把朴素的生活做成了鲜花视频里的拉姆看上去像是未曾经历痛苦也没有被残酷的生活打败她睡在石头搭的屋子里顶上是遮雨的塑料布经常漏水但她却一直在拍几簇从石缝里挣扎长出来的黄色小花她说朋友们你们看帐篷里都开花了今年春节前她坐在那辆五菱面包车里说着明明很沮丧的话声音却很洪亮喊着马上要春节了每天还早出晚归钱也没有挣着人也很辛苦这就是我们的人生加油淳朴善良又美丽的姑娘那些视频中丝毫看不出她对生活中的苦累的半点抱怨只有她脸上的笑和眼中的光一位名叫湖畔旧人的网友在微博上评论许多人说她成了网红但她并没有靠这个赚钱卓玛记得有粉丝给她刷礼物的时候拉姆会劝对方不要刷礼物别浪费钱烧伤之后需要筹集医药费有人让卓玛去看拉姆的平台后台说肯定有很多钱网红直播一晚上就有好几万她去看了账户上仅有两千块钱她只想靠自己的双手努力挣钱卓玛说在尼珍看来那些短视频是拉姆为数不多的出口之一上面有人跟她说话为她加油她还是比较安慰一点吧在家里的话视频一关又把她打回以前的那种生活她很少跟粉丝提及现实生活里的不如意偶尔会有敏感的粉丝发现她脸上有点淤青她也并不多做解释一个在成都工作的表姐曾多次劝拉姆出来打工来成都烧烧烤也比在那儿天天挨打强啊在观音桥拉姆这个年纪的人只要会说点普通话大都在外地打工吃的也好衣服也穿得干干净净的谁会愿意天天挖药吃苦拉姆也向往大城市里的生活但每回想一想都算了卓玛说她觉得如果出去了的话她见不到两个孩子爸爸身体也不好肯定要照顾她爸爸嘛卓玛觉得拉姆想要的生活很简单她没有什么宏大的理想只要能抚养两个儿子长大照顾好父亲就可以在视频里她会给父亲洗头发还会吹个发型两个儿子也经常出现她会轻轻抚摸他们的头亲一亲说你们俩就是我的生命时刻提醒我要努力威胁即使是那样简单的生活依然是遥不可及的唐某最严重的一次家暴发生在今年月他拿着板凳重重砸在了拉姆的右半身造成她右臂骨折卓玛在娘家见到逃回来的拉姆她当时脸上全是淤青脖子上有被掐的淤痕拉姆的小儿子指着凳子哭着跟卓玛比划大娘爸爸打妈妈所谓原因大概都是些家庭琐事拉姆告诉卓玛这次家暴是由于唐某在网上打牌输了些钱心情不好就又动了手拉姆觉得如果不离婚也许就要被打死了她和唐某在月协议离婚大儿子归自己小儿子归唐某卓玛不清楚唐某为何如此轻易地同意离婚她得知消息时拉姆已经办完了手续但事情远没能结束拉姆告诉卓玛回家养伤没几天唐某找来跪下来重重地磕头认错悔恨发誓自己以后再也不动手了见拉姆不为所动他变得愤怒而疯狂拿着菜刀架在小儿子脖子上不复婚我就杀了他拉姆告诉卓玛唐某还带着两个孩子去了河边说不复婚他就带着孩子一起跳河在卓玛看来唐某捏住了拉姆的死穴对于一个母亲这种威胁几乎是无法反抗的没多久拉姆和唐某又复了婚但是不到天的时间里拉姆又被打了两次她带着小儿子躲回了娘家大儿子在上学在卓玛印象中拉姆从未因为自己挨打报过警我们那里的人觉得这种事很丢人不愿意说出去一位民警告诉我从去年到今年派出所多次接到过拉姆的报警原因都是唐路来娘家找她这次躲回家之后唐路再次很快带着家人找上门来要把孩子带回去拉姆报了警办案民警去到现场的时候看到两家在吵架抢夺孩子他认为这属于家庭纠纷能看出来拉姆一家是弱势的一方一个女孩子父亲身体也不好我们还是会愿意多站在她这边警告男方不要太过分别动手但是在此之外其实能做的也很少清官难断家务事后来拉姆不敢回娘家在亲戚家轮流住了一个月唐某找不到她天天给她发短信你要是不回来我把小孩杀了他找到卓玛开的特产店里要人逼她给拉姆打电话卓玛拒绝了唐某一拳砸在了卓玛脸上她倒在地上爬不起来那一拳造成她的左侧眶骨骨折在医院住了三个月直到现在卓玛眼睛下方还能看到凹陷进去一块如果仔细审视拉姆的人生会发现那不仅仅是一个女性被丈夫摧毁的故事那几乎是一个无法逃开的悲剧惨案发生之后卓玛反复复盘如果母亲还在如果父亲不要那么懦弱如果拉姆出去打工如果曾有外部力量介入施以保护然而在现实里没有一桩如果发生命运避开了所有变好的可能性卓玛被打之后她哭着给拉姆打电话拉姆近乎平静地说姐姐我们的命可能就是这样只能靠我们两个自己她让卓玛不要哭你还有我尼珍觉得也许就是在那时拉姆下定了离婚的决心她告诉尼珍为了小孩我忍到了现在小孩大一点的话我可以走远一点打工什么的但是姐姐被打了爸爸也会被打的他已经是无法无天再也不可能改了拉姆不怎么认识字她去县城里找人写了离婚起诉书她还是会时不时收到唐某的威胁短信但她没有再犹豫月底法庭宣判的时候很多亲戚给她打电话问要不要陪她去她都推辞了她说她自己去面对一个人自己去解决卓玛说她想要争取到哪怕一个孩子的抚养权但法院最终把两个孩子都判给了男方由于判决书和离婚证都锁在了拉姆家一层的纵火现场现在无法进入卓玛未能获取到判决书的原件也无从得知这次判决的依据卓玛猜测应该是因为对方经济条件好唐某跟拉姆协商想要孩子的话就别离婚了这次她没有再妥协她失去了两个孩子从法院出来她给姐姐打电话哭得撕心裂肺巨石拉姆告诉卓玛她的背上像是背了块巨石但是这次离婚之后她说我背的那个石头已经放下来了她放不下的是两个孩子她想着努力挣钱经济条件好一点就可以再把抚养权争回来卓玛记得妹妹在山上挖药的时间更长了以前雨天的时候会歇一歇现在连雨天也在挖再大的雨她都不管她变得更节省护肤品只买几块钱的宝宝霜装在塑料袋里化妆品只有一支便宜口红还是别人送的每个月有一星期她可以见孩子那是她唯一慷慨的时候她会带着孩子去县城里的游乐园给他们买好吃的她的视频里最频繁出现的字眼变成了挣钱她想攒钱让孩子读书自己不太识字有时候网友的评论都看不懂她不想让孩子重复自己的命运可是这一切都被摧毁了没人知道为什么在离婚三个月之后唐某突然决定采用如此极端的手段唯一的预兆是一位粉丝后来告诉卓玛拉姆下山之前的一条视频里唐某曾评论你什么时候下山我们的问题解决一下案发后我们未能找到这条评论躺在救护车上时拉姆还有一丝意识她对三郎甲说阿爸如果这次我死了姐姐以后来照顾你的生活她全身都疼又跟姐夫仁央说到了医院你让医生给我打个针让我死我这辈子完了我痛得受不了这样活着没意思她伤得过重在阿坝昏迷的时候医生建议他们转院去成都治疗但费用高昂光是救护车往返的块钱家里都凑不出来亲戚劝卓玛要不放弃治疗吧即使活过来拉姆可能也不会接受自己父亲六神无主一直在哭在一团混乱和嘈杂中卓玛做了转院的决定只要她还有一口气在手脚什么都坏了我都愿意照顾她我跪着要饭我也要救她这桩惨烈的案件引发了外界的关注仅用了半天卓玛在水滴筹上就筹到了万支撑了拉姆迄今为止的费用父亲三郎甲受了很大刺激常常陷入无意识状态别人跟他说话很多时候他都听不到听到短视频里拉姆的声音会不停地哭卓玛有时候发现父亲半夜在外面游荡整个人像是丢了魂一样神情恍惚唯一的好消息是在昏迷了天之后月日拉姆有了一丝清醒的意识左眼半睁卓玛进不去只好让护工把手机放在拉姆的耳边她跟妹妹说话安慰她拉姆嗓子里插了管子说不了话但听着卓玛的声音左眼慢慢有眼泪渗出来但她在短暂清醒再次陷入昏迷依然未能摆脱危险状态医生告诉卓玛对于拉姆的状况万是杯水车薪她在重症治疗室的日常和手术费用已经花掉了将近万此后至少还需要在治疗两到三个月至少要做次植皮手术后续费用在万以上更坏的消息是拉姆也许将失去挖药的双手医生告诉卓玛手烧得厉害可能需要截肢卓玛打电话给我语气哽咽反复说你能不能找北京的专家帮帮我我想保住她的双手她接受不了的她什么都没了我去了拉姆半山腰的家里一层已作为纵火现场被封锁保护只能看到窗台外面摆着她洗得干干净净的解放鞋那是她打算第二天上山要穿的二楼晒着各种菌子有自己吃的也有准备要卖的车库边摆放着好几摞干柴都是她从山上捡回来的码放得整整齐齐足够这个冬天烧了门外还有一辆小朋友驾驶的玩具车旁边小菜地里的芫根和大葱是她种的已经长高了菜地边缘开着几株黄色的万寿菊眼前的一切都是她想要过的新生活自由的免于恐惧的生活
暴风三弦琴,我以为伏拉夫呢
阿风,不结婚确实是少很多破事儿呀感叹
仰望,最希望法律的两个改变一加拿大喊冤的贪二代能有处罚否则牺牲我一人幸福好几代看起来蛮划算的二怎么杀人法律怎么杀你强奸的能太监不过感觉有生之年看不到了
一颗萝卜酸,第一眼看成伏拉夫
匿名用户,只是一个普通大学生如果不去深思法律我的直观感觉就是不判死刑就是鼓励犯罪
匿名用户,前夫这种人太可怕了他会用他所能想到的最恶毒的方法来对付所有不顺着他的人这种人渣到底是怎么成长的
匿名用户,为什么天使一样的姑娘会死得这样凄惨为什么恶魔一样的凶手还能苟活在人间
匿名用户,对家暴的不作为结婚有什么意思呢权益根本得不到保障
匿名用户,该怎么判怎么判
匿名用户,我只能说在这种情况下死亡是最好的结果
一蓑烟雨,我国刑法规定故意杀人以特别残忍手段致人重伤或死亡最高可判处死刑既然在法治社会不能动用私刑以牙还牙以血还血那就请法律给予这个无辜的女孩一个公道以最高刑判决凶手杀鸡儆猴杜绝此类灭绝人性的恶性事件再次发生至于网络舆论先不说这女孩到底有没有错误就算有吧那在一个法治国家你凭什么在未经法律允许的情况下擅自以如此残忍的手段摧毁一个人就算对方是个小猫小狗我觉得一个有良知的人都不忍心这么做所以任何为该犯罪嫌疑人叫好或者喊冤我一概归为低学历低素质没人性的法盲行为做一个男人的前提就是你得先做个人事实上我国法律对此类家庭中发生的暴力事件一般都采取先调和的方式不能说这样完全不对但是请最起码给予受害者一些最起码的司法保护防止令其受到报复性的二次伤害对于多次家暴的人应当采取强制离婚措施并在离婚五年内如果再有报复性暴力行为从重从严处罚
匿名用户,刷到这个问题时候他的下面就是找个病娇是什么体验这我得给你竖个大拇指啊孝死爷了
庶民,好心痛
爱美的小仙女,前夫性格偏激应该是导致离婚的重要原因看她现在活的越来越好心理不平衡这么能吃苦乐观的姑娘跟他在一起应该受了不少的委屈和家暴吧心疼
karinka,那个说杀人的是汉族的查一下阿坝汉族什么比例再出来跳脚好吗还说如果是藏族会趁机诋毁少数民族我看你就在趁机诋毁主体民族
匿名用户,现在网络上有一种很奇怪的现象某个群体听起来臭名昭著然而你并不会经常看到他们也很少被他们影响到反而有些一直努力污名化这个群体的人你会在各种相关或者不相关的地方见到他们努力抹黑这个群体张嘴就是各种器官带族谱张嘴就是各种反人类发言但是他们却能一直占领道德制高点他们就能靠一个键盘把他们讨厌的群体打成过街老鼠把自己包装成正义斗士
匿名用户,你不了解藏族的文化尤其是康巴地区是不是普遍我不知道但政府曾拍摄过一个宣传片关于家暴的
匿名用户,今天看见公众号一个热评气的我脑子嗡嗡的明明是一个人渣故意杀人导致的悲剧还要被某些心里脆弱的人恶意拉成男女对立流量有了真实的事件和我们应该做的事情反而被忽视了拉姆的笑多么纯粹美丽多么真实又可爱的姑娘好遗憾世界上又少了一个这么美丽的微笑了就算救过来身体的伤害也很难恢复成以前了并且遭受巨大痛苦希望作案的人渣得到严惩但是感觉很难判到死刑啊悲哀一人血书跪求犯人死刑
匿名用户,她前夫姓唐应该是汉族人要是藏族男人的话估计又会有一堆人诋毁藏族人拿少数民族的身份大做文章
全场欢呼蒋劲夫,芜湖男人终于站起来了以后打女人这块拉姆第一蒋劲夫第二劲夫劲夫全场欢呼拉姆拉姆姆人新主
涂里屋,反正评论里说恐婚的都是矫情得要死那种
匿名用户,第一犯罪该制我说的是犯罪我不管男女和关系第二不要拿你城市人的思维架构当锚把农村也框定下了你把罪犯当成你父辈爷爷辈那代人看待有几个能改变抱着改变他人的幼稚迟早会害了自己所以任何自恐自惧都是无效的你根本无法影响这些人娶妻生子知乎才几个流量啊包括微博也就一些没事的年轻人才刷刷第三我真的想知道婚姻是不是就不该投入感情只有不投入感情的婚姻才能够有足够的可能无后患而变的可能如果是那我建议城里的女同胞们以后一定要光明正大的要彩礼男同胞一定要记得你的婚姻是没有感情的因为只有男性不对婚姻付出感情结婚的女性才能没有后患男性付出的感情永远都是错的更可怕的是男性居然还有期待幻想百年好合白头偕老这种愚昧无知的妄想其实就是祸害的根源找男朋友一定要离开这种男人远点渣男和你玩不来大家和平分手好聚好散直男癌和你牵手你要防备他们另一只手握着歹毒的刀剑中国男人不仅配不上中国女人还危害着中国女人的生命和健康抹杀女性未来结婚证这东西已经不合时宜了离婚证更是如此只要婚姻不再神圣那男女对婚姻的过度幻想以及社会中的催婚现象也会慢慢冷却政府唯一该做的事只是保证男女交配有子必须付出抚养义务保障儿童的生命权和其他福利而已做到了中国就多了一个领先世界的项目
匿名用户,既然老公有家暴行为应该多少了解他的个性啊女人不了解人性的这个道理也是等于没有安全常识为吃亏做隐患拉姆的数条抖音下方评论已经有端倪了为什么不加以小心
