user_na,user_c,t
云卷云舒424,经典回顾，依旧是经典,Fri Mar 12 23:01:31 +0800 2021
从天而降的一亿颗星星x,一堆说老套？我寻思着，妇联，不老套？？？？？,Fri Mar 12 23:20:01 +0800 2021
秋风喜欢听歌,当年看阿凡达时候，有人说卡梅隆会在2021年推出阿凡达2，好了，2021年来了，没想到居然是阿凡1达的重映，二在哪里呢？,Fri Mar 12 23:53:12 +0800 2021
姚肴v,了,Sat Mar 13 01:18:07 +0800 2021
我喜欢你一本正经的胡说八道,我打算明天坐高铁去广州看IMAX,Fri Mar 12 23:05:22 +0800 2021
沁美天帝,折合人民币160多亿,Fri Mar 12 23:05:59 +0800 2021
jojo是米米,没能在电影院看过阿凡达的遗憾居然可以弥补？！,Sat Mar 13 00:03:39 +0800 2021
用户雨林vv,重映还有这样的票房，国产电影该醒醒了，别再自娱自乐了。,Fri Mar 12 23:47:45 +0800 2021
咸鸭蛋歪歪,不就是重新捞钱吗！？？？？？还有人去看？？,Sat Mar 13 08:01:23 +0800 2021
清风彡飞扬,。,Fri Mar 12 23:17:09 +0800 2021
長安辰星,炒冷饭还有人看,Fri Mar 12 23:02:25 +0800 2021
崂山,9,Fri Mar 12 23:15:59 +0800 2021
Ryan_國,鬼灭之刃无限列车晚点了还是停运了？,Sat Mar 13 08:43:39 +0800 2021
挥霍小青春Naive,以后估计炒冷饭的越来越多,Sat Mar 13 06:03:20 +0800 2021
看来有点美,票,Fri Mar 12 23:03:15 +0800 2021
PresleyTLBSJ,重映本是去年暑期就上的（当时业内人士透漏8月中旬重映）广电目的是让影院回血！并不是制片方来割韭菜！但为保护8月的国产片广电决定择日再上，现在三月中旬没啥重磅新片，广电才决定这时候上的。本来影院就被广电规定不准在影厅吃喝，失去重要收入，加上市场低迷，不上阿凡达你让部分影院去吃土？,Sat Mar 13 09:02:59 +0800 2021
Victus121,是,Sat Mar 13 08:43:37 +0800 2021
说实话的新时代无产阶级奋斗者,嘛,Fri Mar 12 23:01:54 +0800 2021
-我偏要勉强-,看,Fri Mar 12 23:06:49 +0800 2021
一一吴超一一,人傻钱多,Sat Mar 13 09:10:01 +0800 2021
看到我的请叫我去打工,昨天去看了 才19一张票，可惜本来定了iMax场，临时给换成普通3D了，十年前的特效，现在看着一点也不觉得假，也算是弥补了小遗憾。,Sat Mar 13 08:43:56 +0800 2021
快来一起薅羊毛吧,的,Sat Mar 13 08:42:09 +0800 2021
花菇要冷静,11年的遗憾，终于圆满！效果太好！放在11年前！那是顶级啊！,Sat Mar 13 08:47:05 +0800 2021
RockHee,重影星爷的电影作品，岂不要上天？,Sat Mar 13 00:32:22 +0800 2021
李小柔阿,想看就看，不想看就不看，评论怎么这么多事,Sat Mar 13 09:21:54 +0800 2021
渐入佳境NTJ,能不能团结起来，不让他得逞。你最起码弄个导演版，加长版。,Sat Mar 13 06:27:02 +0800 2021
小暴在路上,我去看了imax，效果太棒了！,Sat Mar 13 02:00:26 +0800 2021
美女看到我后赶紧让我滚去减肥,当年我们还在读书没有机会去电影院看阿凡达，现在重映想补一张电影票去电影院感受一下，昨天看了确实画面太美了，从电影院出来都还在回味，评论说恰烂钱割韭菜又没割你还自以为是在那儿虾条,Sat Mar 13 10:06:17 +0800 2021
蚂蚁狂奔去,看了才会发现国内的3d还是比不上人家的十几年前，真不用一直酸人家,Sat Mar 13 09:48:38 +0800 2021
猫咪的天空呀,也因为最近没有新电影,Fri Mar 12 23:05:27 +0800 2021
岩平平,还不错,Fri Mar 12 23:01:31 +0800 2021
Silje新雅,,Sat Mar 13 07:38:21 +0800 2021
超精密生活,凑个整 全球破28亿美元没啥问题,Sat Mar 13 03:11:31 +0800 2021
成成成TC成爷,>,Fri Mar 12 23:10:12 +0800 2021
韩先生的电影两三事,我们可以拿社会公德和基本礼仪要求别人，但可千万不要拿自己的喜好要求别人，你的享受不是别人的享受。而且谁又敢说自己真的懂电影？//<a href='/n/整个世界的寂寞-'>@整个世界的寂寞-</a>:那种说：“手机上不能看 ？非要去电影院？” 这种话的人 ，根本不知道在电影院看电影是一种视觉听觉的精神享受而不是打发时间。他们根本就不懂电影,Sat Mar 13 09:24:27 +0800 2021
从前有只西,🉑,Sat Mar 13 09:17:16 +0800 2021
micz409,昨天看了，依然牛皮。,Sat Mar 13 09:12:01 +0800 2021
四月不是你的谎言_,这波韭菜割的,Sat Mar 13 09:03:16 +0800 2021
问问偷雕塑会被判几年,,Fri Mar 12 23:33:14 +0800 2021
一颗小行星呐,给我超,Fri Mar 12 23:19:42 +0800 2021
未到辰时,今天去看了，还是很好看,Fri Mar 12 23:06:34 +0800 2021
川岛小新,对,Sat Mar 13 09:26:23 +0800 2021
你的何叔叔啊,中国人的钱就是好赚,Sat Mar 13 08:51:59 +0800 2021
雪倾念执,给我看，可比某不知道啥精神的李焕英强多了,Sat Mar 13 08:43:51 +0800 2021
我是CS01, ,Fri Mar 12 23:16:03 +0800 2021
逆光微笑_,舔。狗真多,Sat Mar 13 09:49:12 +0800 2021
想写好文章,割精神韭菜，还有人反复舔,Sat Mar 13 09:31:45 +0800 2021
大侠小李2021,期待变形金刚系列重映,Sat Mar 13 09:04:29 +0800 2021
凌潇凤,，,Sat Mar 13 08:57:27 +0800 2021
為伱執著的黑色风衣,呀,Fri Mar 12 23:43:04 +0800 2021
CHOK_DRF,复联4重影,Fri Mar 12 23:26:18 +0800 2021
djfknf,今天刚刚在电影院看了，10年后再来看这部10年前的影史票房第二的作品，就是剧情现在开来老套了，不过3d效果还可以，画面还可以,Fri Mar 12 23:04:20 +0800 2021
阿拉蕾Christine,还有重映这回事儿？这也可以？,Sat Mar 13 10:20:01 +0800 2021
fffhhhlv,哈哈，算我一份,Sat Mar 13 10:19:52 +0800 2021
代号咚咚,爱看不看，有的人咋那么喜欢哔哔,Sat Mar 13 10:19:31 +0800 2021
雪倾念执,北京那几个IMAX。电影院今天全满了  我的天 抢不到 毕竟票价真的是比那啥的都便宜,Sat Mar 13 10:18:10 +0800 2021
走在路上心未变,在《你好，李焕英》面前就是个弟弟,Sat Mar 13 10:16:08 +0800 2021
哒哒滴哒哒鸭,片,Sat Mar 13 10:09:04 +0800 2021
声名狼藉先生BIG,把周星驰的随便一部电影拿到现在，随便破百亿票房,Sat Mar 13 10:02:15 +0800 2021
adonis的马甲,这么优秀的电影，为什么不六刷七刷八刷呢,Sat Mar 13 10:01:44 +0800 2021
杨咩咩rbb,成,Sat Mar 13 09:43:00 +0800 2021
小铃铛儿5,好看，那特技一点看不出11年前的片,Sat Mar 13 09:39:30 +0800 2021
J音乐资讯,在好看的电影看过一次就不会再电影院看两次，阿凡达就是看个视觉特效，故事情节太薄弱了，没进电影院看过的可以看一下，感受下视觉特效,Sat Mar 13 09:34:54 +0800 2021
婷浩,可以,Sat Mar 13 09:34:06 +0800 2021
被去色的夏亚水产机,我就知道评论区会有些抵制言论 正常 不然 我都会不适应了 爱看就看 不看拉倒 没啥好指责的,Sat Mar 13 09:24:29 +0800 2021
回首云遮日,了,Sat Mar 13 09:20:03 +0800 2021
有你共鸣1,中国人的钱就是好赚。,Sat Mar 13 09:17:17 +0800 2021
头发自然卷ll,上座率都这么低吗,Sat Mar 13 09:16:10 +0800 2021
上瘾啦啦啦啦啦啦,主要还是当年没机会去电影院，现在可以重回一次，感觉肯定不一样,Sat Mar 13 09:10:31 +0800 2021
康帅傅的室友,来割一波韭菜,Sat Mar 13 09:01:47 +0800 2021
来希200108,都不知道阿凡达 什么剧情,Sat Mar 13 08:56:36 +0800 2021
hondeson,了,Sat Mar 13 08:55:40 +0800 2021
THExx-X,非常好看，imax的屏幕上潘多拉星球的生物简直美呆了！,Sat Mar 13 08:54:42 +0800 2021
沧海之·矅,的,Sat Mar 13 08:53:58 +0800 2021
蓝田四月,第二部什么时候出呀，期待,Sat Mar 13 08:52:19 +0800 2021
走私黑野猪,阿凡达2到现在没有拍好，都十几年过去啦,Sat Mar 13 08:51:43 +0800 2021
爱吃草莓的大喜子,为什么我这里不能买票？,Sat Mar 13 08:48:52 +0800 2021
小然同学_WISH,昨晚去看了,Sat Mar 13 08:47:09 +0800 2021
阿米阿莫,现在看 ，画面依旧震撼,Sat Mar 13 08:41:13 +0800 2021
sunflower2020year,今天看了中国电影报道对导演卡梅隆的关于重映的连线采访！采访结尾谈到了：1.阿凡达2明年上映，2.3D视觉效果会更佳，3.剧情第一，技术第二，2者要很好结合，不希望观众看到的最佳视觉效果下的普通片子！所以续集还是值得期待的！！！,Sat Mar 13 07:32:05 +0800 2021
武侯区勇子服装经营部,卧槽，一部电影能卖一百多个亿！,Sat Mar 13 00:45:42 +0800 2021
杜班南南,说,Fri Mar 12 23:31:55 +0800 2021
使命召唤-HK,了,Fri Mar 12 23:23:35 +0800 2021
风从潮生,,Fri Mar 12 23:19:19 +0800 2021
风从潮生,,Fri Mar 12 23:19:15 +0800 2021
-惊鸿一瞥乱我心曲-,当年为了看imax，迫不得已买了黄牛票。,Fri Mar 12 23:17:58 +0800 2021
生气会变老的_,不知道为什么 买哪个影院就给我退票 已经连续两家了。。。。,Fri Mar 12 23:04:01 +0800 2021
云中畅想,👏🏻,Fri Mar 12 23:03:13 +0800 2021
你是我心里的毒,我那时候都没有去电影院看过,Fri Mar 12 23:03:12 +0800 2021
浮浮32085,应该明天就超过了。,Fri Mar 12 23:02:31 +0800 2021
抠脚大飞怪,国内导演真该好好学学，快二十年前的技术，我们现在也做不到这么细，并且立意剧情都极好。,Sat Mar 13 08:47:53 +0800 2021
企鹅拨清波,>,Sat Mar 13 07:38:12 +0800 2021
壹仟条锦鲤绕圈圈,,Sat Mar 13 10:19:31 +0800 2021
Galaxy-gone,亏了，不好看,Sat Mar 13 10:18:10 +0800 2021
一只白兔糖啊,当年国内首部3D,Sat Mar 13 10:16:55 +0800 2021
带着小癌活出精彩,吗,Sat Mar 13 10:05:17 +0800 2021
向楊-CHIU,一楼别信，骗子！昨天我看到了一摸一样的评价且账号不同。你给他回复他秒删,Sat Mar 13 10:04:02 +0800 2021
煜Chou,想看啊但是封校,Sat Mar 13 10:01:30 +0800 2021
Bibala-Bong,智商税,Sat Mar 13 09:54:19 +0800 2021
嘉小嘉choi,的,Sat Mar 13 09:40:05 +0800 2021
洋槐花烙饼,这个票房没啥好比的，播放的年份不一样，物价都不一样！当年阿凡达播的时候，真的是席卷全球，至今记得当时的盛况！,Sat Mar 13 09:32:54 +0800 2021
Today1005,是我心中科幻片的No.1……,Sat Mar 13 09:31:47 +0800 2021
小橘子只要你开心,>,Sat Mar 13 09:28:03 +0800 2021
秌允,还是有傻子愿意去看,Sat Mar 13 09:23:50 +0800 2021
郭老师的秋阔蕾chocolate,D,Sat Mar 13 09:14:57 +0800 2021
天之骄子LeBron,呵呵呵呵呵,Sat Mar 13 09:12:31 +0800 2021
天灵灵地平平,就问你敢不敢重新上映复联四,Sat Mar 13 09:10:30 +0800 2021
準我爱李,当年上映的时候儿子才几岁，现在16了，特别喜欢这种类型的电影，我觉得重映挺好，给他买了IMAX，让他一个人去感受下,Sat Mar 13 09:08:18 +0800 2021
wo把地球弄丢了,去不去电影院个人选择，但现在不去的人喜欢优先diss去影院的人。这是什么病？,Sat Mar 13 09:02:32 +0800 2021
D调的Ryan,惫,Sat Mar 13 08:59:48 +0800 2021
一杯白酒敬往事,过,Sat Mar 13 08:58:55 +0800 2021
陈陈锐,上映过的还放出来圈钱,Sat Mar 13 08:58:12 +0800 2021
纯洁地武先生,拍,Sat Mar 13 08:46:11 +0800 2021
s6是我巅峰期,十几年前在电视机上看的，当时看不太懂，只知道飞到外星球坠机，然后和外星人恋爱之后大战？,Sat Mar 13 08:44:30 +0800 2021
杜龙科技白雪青松,阿凡达重映首日票房超2200万！,Sat Mar 13 08:37:56 +0800 2021
Coisinionly,10年前破电影了，有何意义，为何在中国上映？在你们自己玩不行？中国人傻钱多？,Sat Mar 13 08:43:13 +0800 2021
向内生长de息肉,和爸妈一起去的 时隔12年重温依然特别特别喜欢这部电影 特效和场景设计太厉害了而且这么久之前的特效也不觉得假,Sat Mar 13 10:16:29 +0800 2021
西瓜里的小骆驼,……你不想看还不让别人想看了，人家确实是好电影，不然怎么会重映还有这么高的票房！,Sat Mar 13 10:08:39 +0800 2021
半摇不滚,多,Sat Mar 13 10:01:19 +0800 2021
褚得厦,说实话，无法理解那些刷几遍的人，闲得没事花钱么?不腻么,Sat Mar 13 08:44:54 +0800 2021
Madison世礼,吹爆我卡梅隆！！！！,Sat Mar 13 08:32:54 +0800 2021
ElioElioElioElioElio,就别乱比复联阿凡达了，谁票房第一现在都是迪士尼吃香，老垄断了,Sat Mar 13 08:32:51 +0800 2021
令狐小蒜葱,mmp当年说的2014年圣诞节上映阿凡达2的，2021年了又把1拿出来圈钱？,Sat Mar 13 08:00:36 +0800 2021
情深水也甜,经典！不是我崇洋媚外，李焕英这种在阿凡达这种大制作面前不值一提。,Sat Mar 13 07:21:21 +0800 2021
故梦旳窗,次,Sat Mar 13 10:19:20 +0800 2021
人间生我是为何,吗,Sat Mar 13 10:16:50 +0800 2021
六个一亿,张家界拍的那个阿凡达吗？,Sat Mar 13 10:13:45 +0800 2021
酱小鱼一,吗,Sat Mar 13 10:10:49 +0800 2021
Ch奇Qi,又能捞一笔钱了,Sat Mar 13 10:09:54 +0800 2021
柠檬可乐hhh,小时候第一次看电影看的就是阿凡达，回忆啊,Sat Mar 13 10:09:36 +0800 2021
往事随水而逝,我就草了   本来兴致勃勃的去电影院看   妈的 3d 效果太差了  看了十分钟就受不了了  还没有在自己电脑上看的舒服  太模糊了 垃圾电影院  赶紧倒闭吧 成都的某所,Sat Mar 13 10:09:36 +0800 2021
刘菇凉iy,吧,Sat Mar 13 10:07:42 +0800 2021
Yuzuki酱6002,为啥要跟阿凡达比？李焕英是偏中国人喜好的电影，很多梗没法翻译成外语，翻译的再好外国人也听不懂，比如“辛酉”，“玲？我还一呢”，“焕英光林”等等。（个人观点，不喜勿喷，请无视，谢谢）,Sat Mar 13 10:02:27 +0800 2021
细雨离离星光茫茫,昨晚刚看完lmax，真的震撼到我，之前挺过阿凡达有多好看，我还觉得十几年前的电影肯定不咋地，结果真的真的真香了，终于明白十几年前为啥这么轰动,Sat Mar 13 09:58:00 +0800 2021
香雪兰51k,啊啊啊有了吗 我想去看,Sat Mar 13 09:57:30 +0800 2021
心水炎失,很多人就是典型的自己白嫖多年出来咬人，这种好电影，就是值得去看，就是因为有好的电影，去激励其他的电影人做出更好的作品，各位不想想为什么阿凡达重映能有这么多票房，而基本没有什么其他的电影选择去重映呢？好的东西自然有人肯定，这就是事实。,Sat Mar 13 09:55:12 +0800 2021
婼亚宝宝,门,Sat Mar 13 09:55:10 +0800 2021
卡农变奏ff,环,Sat Mar 13 09:54:07 +0800 2021
小伟xzw12,好的电影就是这样，永远不会被淘汰,Sat Mar 13 09:53:36 +0800 2021
未来皆你w,已经买票了明天就去看✓大荧幕补完计划，捞钱没问题，第二部做好了就成,Sat Mar 13 09:52:37 +0800 2021
Leosecondmonkey,到中国来圈钱了,Sat Mar 13 09:52:16 +0800 2021
G明智,湃,Sat Mar 13 09:52:02 +0800 2021
骑车上高山,有钱人遍地都是，只有我是穷人，从不去电影院,Sat Mar 13 09:50:54 +0800 2021
爱秋的男孩紙,的,Sat Mar 13 09:50:37 +0800 2021
偷偷偷倒日,X,Sat Mar 13 09:49:52 +0800 2021
chrishsy,,Sat Mar 13 09:49:28 +0800 2021
霓虹灯不光,难道不是外国拍不出好看的电影了 所以才拿出来重映吗？,Sat Mar 13 09:48:24 +0800 2021
时间本就一场追逐,因为便宜,Sat Mar 13 09:47:30 +0800 2021
可爱的狐萝卜,恰烂钱,Sat Mar 13 09:47:30 +0800 2021
毛若愚6666666666,美国也太🐶了,Sat Mar 13 09:47:25 +0800 2021
亓胜,看电脑视频不香吗？非得去电影院看？！,Sat Mar 13 09:44:36 +0800 2021
蚰fffffff,最爱的电影,Sat Mar 13 09:44:33 +0800 2021
哟-蘑菇,不看,Sat Mar 13 09:44:06 +0800 2021
注册只为我偶像,重映了，啊啊啊啊啊，马上买票,Sat Mar 13 09:43:41 +0800 2021
黄帝行者,啊？这？老美又来圈钱了,Sat Mar 13 09:43:37 +0800 2021
blue--止水,见,Sat Mar 13 09:43:35 +0800 2021
非正常式_,还是中国人的钱好赚,Sat Mar 13 09:43:10 +0800 2021
凯撒撒-,？好电影重播，完全没问题啊，吵什么？,Sat Mar 13 09:42:55 +0800 2021
云影朱砂,每隔一段时间，割一轮韭菜。一部电影，成了一个长盛不衰的摇钱树，呵呵,Sat Mar 13 09:42:49 +0800 2021
guozhang浩娟,八大样板戏确定了没，啥时候上？,Sat Mar 13 09:39:04 +0800 2021
小丸子闷闷的,重看阿凡达,Sat Mar 13 09:36:45 +0800 2021
小紫罗兰茜,不好看,Sat Mar 13 09:36:30 +0800 2021
云寒若燚,你看了就骄傲了吗？我没看也不骄傲啊，这东西爱看不看，别传播自己的三观，对于别人没有益处。,Sat Mar 13 09:36:28 +0800 2021
清澈如她,中国人人傻钱多,Sat Mar 13 09:31:48 +0800 2021
等粮的猫2,已重看，真的经典！,Sat Mar 13 09:31:29 +0800 2021
猫七姑娘胡同小巷宝宝585,X,Sat Mar 13 09:30:50 +0800 2021
_-HWB,然而票价比第一次上映还贵,Sat Mar 13 09:26:32 +0800 2021
喜多优优,下一部重映是啥呢 期待,Sat Mar 13 09:26:28 +0800 2021
潘潘是幸福的,优酷可以看,Sat Mar 13 09:26:17 +0800 2021
成全了你-解脱了我,一部好的电影，值得反复观看,Sat Mar 13 09:26:14 +0800 2021
ForeverNingNing,主要是都没好电影可以看了,Sat Mar 13 09:24:36 +0800 2021
夜晚星辰和你,经典,Sat Mar 13 09:24:30 +0800 2021
楠兮2021,yyds，昨天去看了，这片10后再重映我还是会去看,Sat Mar 13 09:24:30 +0800 2021
Pe_tc岳剑桥,依稀记得大学期间观看的《2012》、《阿凡达》、和《变形金刚》～真是太震撼了。   特别是当年看完变形金刚从影院出来，感觉每辆车都在蠢蠢欲动,Sat Mar 13 09:21:30 +0800 2021
buskerbusker407,只能说牛,Sat Mar 13 09:20:36 +0800 2021
随便还好我不要,这是赚第二次钱？,Sat Mar 13 09:20:35 +0800 2021
弎月_rr,这可是十年前的票房成绩，要是现在是首映不得把复联秒成渣,Sat Mar 13 09:20:17 +0800 2021
火锅煮的小笼包,遍,Sat Mar 13 09:19:32 +0800 2021
康帅傅的室友,受疫情影响，欧美电影市场这两年估计有点难，来中国割点韭菜，搞点钱。,Sat Mar 13 09:19:14 +0800 2021
alam_777,次,Sat Mar 13 09:19:08 +0800 2021
施主醉过,圈钱来的，然后去支持台湾，滚,Sat Mar 13 09:17:45 +0800 2021
长颈鹿团儿,割韭菜,Sat Mar 13 09:16:28 +0800 2021
gnoDnaiJnaH,票价18,Sat Mar 13 09:15:48 +0800 2021
跟鲨鱼打Kiss,吗,Sat Mar 13 09:14:41 +0800 2021
飞飞飞飞飞飞奇,喝咖啡的又来了，电脑看这电影就是糟蹋了？不在电影院看就是不懂这电影？您要看就去看呗，还批判别人，炫耀您精致生活，真是越缺啥越炫耀啥，这电影除了预告我都没看过,Sat Mar 13 09:14:33 +0800 2021
Jaylin85,吗,Sat Mar 13 09:14:16 +0800 2021
暴走的馒头君,映,Sat Mar 13 09:14:11 +0800 2021
LLLLLLL侨,想看不能说的秘密，能不能安排下国产电影啊,Sat Mar 13 09:13:10 +0800 2021
洛一丘,经典，想哭,Sat Mar 13 09:12:18 +0800 2021
Visyoung,狗,Sat Mar 13 09:10:12 +0800 2021
拾穗且行歌,亚,Sat Mar 13 09:09:41 +0800 2021
朱颖-zZ,以为是2上映 昨天差点一冲动买票去看了 还好时间不允许,Sat Mar 13 09:08:03 +0800 2021
毛姆的二流粉丝,圈,Sat Mar 13 09:08:01 +0800 2021
禾人Sir,二十多亿美元？我没看错吧？这票房，摔国产几条街了？能比吗这。。。,Sat Mar 13 09:05:48 +0800 2021
v牛瓜娃一般瓜v,为什么不重映 国内影片,Sat Mar 13 09:03:27 +0800 2021
幸运上弦月,什么时候再重印下暮光之城呢？想去电影院看,Sat Mar 13 09:03:24 +0800 2021
半摇不滚,多,Sat Mar 13 09:03:02 +0800 2021
小破孩qqq,没看过。。。哎,Sat Mar 13 08:59:59 +0800 2021
新新娘克洛伊美学摄影,欢,Sat Mar 13 08:59:51 +0800 2021
诗人与牧笛,微博真神奇的看个电影都能撕起来,Sat Mar 13 08:58:54 +0800 2021
最爱芝士汉堡,好家伙，看电影都能看出优越感吗,Sat Mar 13 08:58:41 +0800 2021
鈴芷声,居然还有2200万，只能一声卧槽行天下,Sat Mar 13 08:58:02 +0800 2021
creep1818,从小时候看过后就很久没有看过这种史诗级大片了,Sat Mar 13 08:53:05 +0800 2021
我来起个名字吧,阿凡达第一，不接受反驳,Sat Mar 13 08:51:44 +0800 2021
老街阿晨zzZ,韭菜割起来,Sat Mar 13 08:51:01 +0800 2021
minifairyBQ,了却心愿了,Sat Mar 13 08:49:46 +0800 2021
大宝宝080907,中国内需大，不会以前的片子都跑过来重播一遍吧,Sat Mar 13 08:49:27 +0800 2021
SD帆高,这么爱老美？,Sat Mar 13 08:48:47 +0800 2021
元気懵逼小正太,传说中的经典我还没看过，系时候贡献票房了,Sat Mar 13 08:46:54 +0800 2021
哈噗一小僧_LDS,吗,Sat Mar 13 08:46:41 +0800 2021
匪号三木,一会万达imax都起,Sat Mar 13 08:46:13 +0800 2021
三只小猪一个家,还是中国的钱好赚,Sat Mar 13 08:46:09 +0800 2021
是余杰浩,还是中国人的钱好赚，老外都是这么想的哈哈,Sat Mar 13 08:44:33 +0800 2021
抽烟伯伯,不管是不是重映，都是自愿的市场选择，电影的实力代表一切。要是豆瓣top250的能再上映，那必须要看啊，经典看几次都不厌。,Sat Mar 13 08:43:46 +0800 2021
李丶灰还,指,Sat Mar 13 08:42:34 +0800 2021
Ragga,资本主义的电影，不看,Sat Mar 13 08:42:22 +0800 2021
栖栖XIXI,太好笑了，看中国市场太好，纷纷着急前来圈钱,Sat Mar 13 08:40:24 +0800 2021
爱你们的罐头,只有我没看过妇联吗？一看简介就想起来了小时候看的葫芦娃大战变形金刚和黑猫警长大战圣斗士星矢,Sat Mar 13 08:39:38 +0800 2021
大明湖畔的狸子果,值得,Sat Mar 13 08:38:53 +0800 2021
星星de童话,有啥好看的～,Sat Mar 13 08:38:47 +0800 2021
Dentistroyee,以前看两遍 剧情都能背下来,Sat Mar 13 08:38:02 +0800 2021
薛磊北美体育直击,当年奥斯卡最佳影片没有给阿凡达而是给了那个给美军侵略者洗地的拆弹部队，让奥斯卡的含金量一落千丈,Sat Mar 13 08:37:55 +0800 2021
Miss毛毛毛,看什么看…,Sat Mar 13 08:37:10 +0800 2021
Bryce_Yu,次,Sat Mar 13 08:37:02 +0800 2021
OnceUponA,抵制阿凡达,Sat Mar 13 08:37:01 +0800 2021
阿多多比昨天更博学了吗,吗,Sat Mar 13 08:35:43 +0800 2021
洁癖选择困难者,厉害,Sat Mar 13 08:34:40 +0800 2021
小龙虾Bevin,还真别说，演什么我都给忘了，是可以在看一遍了,Sat Mar 13 08:33:43 +0800 2021
Ms-Swann,自2020年疫情以后终于有一部电影能让我走进电影院了 下一次看指环王,Sat Mar 13 08:33:18 +0800 2021
西北望长安001,是不是每隔十年都可以重播一次，这样一部电影可以养一辈子,Sat Mar 13 08:32:40 +0800 2021
久居深海的美人鱼Zoya,放,Sat Mar 13 08:12:16 +0800 2021
天下第一的弟弟,他出片的速度比周星星同学慢多了,Sat Mar 13 07:39:37 +0800 2021
爱情公寓十年粉,钱,Sat Mar 13 07:35:51 +0800 2021
Patrick_zou,韭菜不够割。,Sat Mar 13 07:21:58 +0800 2021
阿郑啊啊,11年后再看，依然除了一个屌字无话可说！,Fri Mar 12 23:04:00 +0800 2021
龙城悟空,这个电影比妇联好看多了，十几年前的开创先河级电影！对电影产业贡献多么巨大！放在现在剧情特效都吊打很多作品了。从无声到有声，单色到彩色，再到3d，再到期待下一次不带眼镜的3d！,Sat Mar 13 10:10:44 +0800 2021
fv1251,是没钱了来搞货的？,Sat Mar 13 10:07:44 +0800 2021
贱痞君,这都有人去看 跪好了  别趴着,Sat Mar 13 09:59:33 +0800 2021
待机中59,这么厉害,Sat Mar 13 09:57:59 +0800 2021
荡荡荡了个薯片,中国人钱好赚,Sat Mar 13 09:53:36 +0800 2021
Rainie丶情愫暗生,了,Sat Mar 13 09:50:40 +0800 2021
周青春24,烂片,Sat Mar 13 09:06:38 +0800 2021
金门少爷,可以啊！我是第一次在电影院看，过些天再看一次IMAX的,Sat Mar 13 03:38:22 +0800 2021
大咖KING,不这样怎么为第二部造势，感觉缺少底气！！,Sat Mar 13 00:48:19 +0800 2021
Sunnie199103,《阿凡达》明天就重回全球票房冠军,Fri Mar 12 23:41:08 +0800 2021
改个名字真麻烦,了,Sat Mar 13 10:04:46 +0800 2021
qwerty790115,起码没卖80块钱一张吧，经典电影再看一遍还是经典,Sat Mar 13 10:00:55 +0800 2021
楊門戟魂,辫子国看辫子人如何弓箭对抗坚船利炮，爽歪歪,Sat Mar 13 10:00:05 +0800 2021
EricKingMax,是不是割韭菜,Sat Mar 13 09:57:06 +0800 2021
美妆AWU,当年真的一票难求。找黄牛买的三四百块,Sat Mar 13 09:51:31 +0800 2021
霉少女壮土,好想看泰塔尼克号的3D重映，有生之年可以等到吗😂,Sat Mar 13 09:41:39 +0800 2021
北冥39059,就是美国因为新冠导致没钱了，来中国圈钱来了，还有人欢呼，哪来的自信？,Sat Mar 13 09:19:40 +0800 2021
胡子什在武汉,国人是怎么了,Sat Mar 13 09:00:02 +0800 2021
爱吃奶糖的咖啡猪,？,Sat Mar 13 08:57:15 +0800 2021
老袁老袁97,圈中国人的钱， 还捧经典呢,Sat Mar 13 08:54:49 +0800 2021
追梦6064616853,泰坦尼克号再重映！！！,Sat Mar 13 08:51:33 +0800 2021
MckennaGraceeyes,期待波特重映,Sat Mar 13 09:53:49 +0800 2021
叫我小甜橙本橙,啊,Sat Mar 13 09:51:23 +0800 2021
名优时尚荟萃,估计是在给2做铺垫,Sat Mar 13 09:37:27 +0800 2021
秌允,打包票的说，外国片我就没有一部贡献过票房，打不了就是后面手机上看看，包括前几年很火的复联。当年外国人入侵，现在没有一个电影院是无辜的。,Sat Mar 13 09:29:55 +0800 2021
陈豆花她爹,<a href='/n/Facaifafa'>@Facaifafa</a> 去不去看 我都忘了剧情了,Sat Mar 13 09:25:44 +0800 2021
Albertoo24,过年档要是有这种电影还有国产片什么事 操,Sat Mar 13 09:08:37 +0800 2021
请加我船长大人,上映很久了 在有版权的视频网上看 也没什么，最可恶的是 电影正在上映 在那种非法网站上看偷录的  真的对不起那么多人的辛苦付出,Sat Mar 13 09:06:18 +0800 2021
名字是不是很帅02695,涛,Sat Mar 13 09:02:39 +0800 2021
limiboob,最近没啥好看的，正好去看阿凡达，嘤嘤嘤,Sat Mar 13 08:57:39 +0800 2021
抓只曲蛐逗一下,打扰各位了，麻烦好心人看下我围脖这孩子🙏🙏,Sat Mar 13 08:55:58 +0800 2021
食人魔魔法师1234,炒冷饭,Sat Mar 13 08:51:36 +0800 2021
Rangooo归来,！,Sat Mar 13 08:47:46 +0800 2021
Rangooo归来,无法逾越的经典...！！！,Sat Mar 13 08:39:27 +0800 2021
Rangooo归来,！,Sat Mar 13 08:38:08 +0800 2021
机械银河,看过的第一部3D电影？印象中是的哈哈 要去看！！,Fri Mar 12 23:32:45 +0800 2021
含霜履雪,了,Fri Mar 12 23:01:56 +0800 2021
Eric-岩岩,一直说阿凡达2，最后搞个重新上映1，为了圈钱吗？,Sat Mar 13 10:21:34 +0800 2021
苏堤--,是,Sat Mar 13 10:24:27 +0800 2021
嗯呐嗯呐对对对,昨晚刚去看，依旧很震撼，经典就是经典,Sat Mar 13 10:24:57 +0800 2021
破次元喵,妇联被超完全能接受，毕竟也当过第一了。只是这数字看着贼不爽，就差那么一点就有28亿了！,Sat Mar 13 10:24:01 +0800 2021
项逸超-,戾气真重啊，为啥看个电影都能吵起来，乐意看什么就看什么呗这有什么好争的,Sat Mar 13 10:23:17 +0800 2021
健身中的航航,阿凡达在当年剧情还可以，现在不行了,Sat Mar 13 10:22:05 +0800 2021
努力学习丫七,我还没看过，晚上看看,Sat Mar 13 10:26:35 +0800 2021
要苍天知道我不认输的小仙女,过,Sat Mar 13 10:31:11 +0800 2021
佛系三万cc,过,Sat Mar 13 10:32:22 +0800 2021
孤岛有个博物馆,爷青回,Sat Mar 13 10:32:12 +0800 2021
行走的筷子盘子碗,迫不及待的贡献了昨天第一场IMAX！太经典了！太震撼了！,Sat Mar 13 10:32:01 +0800 2021
半夜想起改名我是有多无聊,卡梅隆不是反华吗？,Sat Mar 13 10:30:39 +0800 2021
深夜小桌火炉听雨,yyds,Sat Mar 13 10:28:44 +0800 2021
肥宅不爱喝可乐,捞钱也是铺垫啊。,Sat Mar 13 10:28:25 +0800 2021
Ureyshin_,骗钱的 我就不去凑了,Sat Mar 13 10:28:13 +0800 2021
凌一浪,为什么要重映呢,Sat Mar 13 10:34:14 +0800 2021
tdgdNMSL,一定要看看imax的呈现力,Sat Mar 13 10:35:46 +0800 2021
小李迢迢,漫威：我这就安排重映,Sat Mar 13 10:35:27 +0800 2021
草稿纸有个中国梦,有意思，翻炒一波比拍新电影赚钱,Sat Mar 13 10:34:24 +0800 2021
远古且花花,我看的第一个3D电影,Sat Mar 13 10:33:38 +0800 2021
打游戏贼6,功夫也可以重映一下,Sat Mar 13 10:33:34 +0800 2021
坠入__,那些说人傻钱多的，人家好多当年没看过的，现在有这个机会去看看怎么啦？也没花你的钱真有意思,Sat Mar 13 10:34:50 +0800 2021
Mr·東石,昨天去看了，十几年前的经典3D科幻，当初没钱去影院看很遗憾，现在看来视觉特效依然是一级棒。,Sat Mar 13 10:33:55 +0800 2021
给我来瓶Vitasoy,我真没看过阿凡达..,Sat Mar 13 10:40:23 +0800 2021
对角巷的香草巧克力冰激凌店主,看,Sat Mar 13 10:39:03 +0800 2021
xhshd小鱼,绝对经典！,Sat Mar 13 10:38:50 +0800 2021
想要扑进先生怀里555,边上的13.62亿是啥意思？,Sat Mar 13 10:39:20 +0800 2021
春暖花儿开的小青春,无感，嗯，就这样。,Sat Mar 13 10:47:00 +0800 2021
奥奥利弗OOliver,中国真好赚钱,Sat Mar 13 10:45:15 +0800 2021
摄影师ysx,遗憾重塑,Sat Mar 13 10:44:37 +0800 2021
xliangen,缺钱了,Sat Mar 13 10:42:40 +0800 2021
过眼云烟不可忘,不看,Sat Mar 13 10:41:09 +0800 2021
Smile021134,的,Sat Mar 13 10:40:22 +0800 2021
傻大个先森,弥补一下自己,Sat Mar 13 10:38:07 +0800 2021
坠入__,想起哈利波特重映我老早就激动的要死说一定去看必须看，结果最后还是没去看，可能是不够爱吧唉,Sat Mar 13 10:37:21 +0800 2021
Nslookup2016,！,Sat Mar 13 10:39:00 +0800 2021
阿伟sl_,学校封闭 不然我也想去看,Sat Mar 13 10:49:15 +0800 2021
嗷嗷ao待飞,,Sat Mar 13 07:24:57 +0800 2021
梚雾归,堪称经典至今都无人超越，也是这部电影改变了电影的一个时代，张家界取的景也非常的漂亮，打算再去撸一遍！ ,Sat Mar 13 07:58:44 +0800 2021
神秘的女明星,满满的都是回忆,Sat Mar 13 07:24:05 +0800 2021
从心来过ivy,还是很期待的,Sat Mar 13 07:25:01 +0800 2021
温柔的猫猫啊,我觉得可以啊,Sat Mar 13 07:23:55 +0800 2021
嗷嗷小锦鲤,真的是爷回青,Sat Mar 13 07:24:10 +0800 2021
小桥留水哥,经典呀,Sat Mar 13 07:44:02 +0800 2021
韬的微博,太棒了，值得期待！,Sat Mar 13 07:36:23 +0800 2021
笑看人生天地宽555,:我觉得可以啊,Sat Mar 13 07:25:28 +0800 2021
笑看风云shidai,不错影片分享,Sat Mar 13 07:22:55 +0800 2021
hhhh_xswl,期待泰坦尼克号重映啊啊啊啊啊,Sat Mar 13 09:09:03 +0800 2021
风衣羽影,这电影不错,Sat Mar 13 07:55:37 +0800 2021
pqwuidg,这电影不错,Sat Mar 13 07:55:36 +0800 2021
鲁湘伟熙_936,博主，再推荐些，真心喜欢,Sat Mar 13 07:55:33 +0800 2021
poqeiyiue,好喜欢的电影，谢谢推荐,Sat Mar 13 07:55:31 +0800 2021
我是小阿天吖丶,这电影不错,Sat Mar 13 07:55:31 +0800 2021
迷路月亮忘,好喜欢的电影，谢谢推荐,Sat Mar 13 07:55:30 +0800 2021
刘德麻,好喜欢的电影，谢谢推荐,Sat Mar 13 07:55:29 +0800 2021
oiwygfgwa,博主，再推荐些，真心喜欢,Sat Mar 13 07:55:29 +0800 2021
mywqog,这电影不错,Sat Mar 13 07:55:29 +0800 2021
喵喵feilove,博主，再推荐些，真心喜欢,Sat Mar 13 07:55:28 +0800 2021
仙女穿jk,真的很棒,Sat Mar 13 07:41:47 +0800 2021
七姐199108,还是很期待的,Sat Mar 13 07:38:11 +0800 2021
佳兰正在加油挣钱,太喜欢太期待了,Sat Mar 13 07:35:39 +0800 2021
微笑的掩盖忧伤小,这也太棒了。,Sat Mar 13 07:32:57 +0800 2021
年轻心愿,好期待啊,Sat Mar 13 07:31:58 +0800 2021
娱乐叙,太喜欢了！,Sat Mar 13 07:25:17 +0800 2021
戴泡泡跑跑,期待后续吧,Sat Mar 13 07:25:17 +0800 2021
十年之约鸭鸭,真的没的说,Sat Mar 13 07:25:09 +0800 2021
仰天长啸000,阿凡达值得一看,Sat Mar 13 07:25:02 +0800 2021
村上男神,看来很受欢迎啊！,Sat Mar 13 07:24:56 +0800 2021
邮寄冷风,非常的喜欢看噢,Sat Mar 13 07:24:31 +0800 2021
追剧吃瓜了,非常的精彩,Sat Mar 13 07:24:31 +0800 2021
不晚17749,真的没话说了,Sat Mar 13 07:24:22 +0800 2021
M羋密基地,这是情怀吧,Sat Mar 13 07:24:22 +0800 2021
雨做的云为6,好想看看,Sat Mar 13 07:24:19 +0800 2021
大把大把的来,很棒的一部电影,Sat Mar 13 07:24:07 +0800 2021
开心的字母哥,非常的期待,Sat Mar 13 07:23:47 +0800 2021
初闻桃鸢,我就期待吧,Sat Mar 13 07:23:33 +0800 2021
小手冰凉abb,确实没得说,Sat Mar 13 07:23:27 +0800 2021
小李有点晕呢,真的太列害了,Sat Mar 13 07:23:21 +0800 2021
出售微笑站,不错不错！谢博主分享,Sat Mar 13 07:23:19 +0800 2021
开往小幸福,确实没得说,Sat Mar 13 07:22:53 +0800 2021
谁动了我的香菜噫,我真没去电影院看过,Sat Mar 13 09:01:34 +0800 2021
骆走心,憾,Sat Mar 13 08:47:37 +0800 2021
纯洁地武先生,拍,Sat Mar 13 08:46:54 +0800 2021
朱洲律师,好看,Sat Mar 13 08:43:42 +0800 2021
sunbeam-only,天,Sat Mar 13 08:39:22 +0800 2021
llzz66小青龙,睇,Sat Mar 13 08:13:53 +0800 2021
叁拾贰立z,搞不懂啊搞不懂(=_=),Sat Mar 13 07:56:05 +0800 2021
事事南断,还没有看啊啊，有时间一定也要去看看,Sat Mar 13 07:42:44 +0800 2021
飞奔的猪小花,不想看美国的，美国想不还钱，老赖,Sat Mar 13 07:32:20 +0800 2021
一叶今梦,效果不错啊，很好看,Sat Mar 13 07:24:32 +0800 2021
呼啦啦靓靓,确实不错,Sat Mar 13 07:23:30 +0800 2021
深夜吃泡面的南方胖子一枚,成绩不错哦,Sat Mar 13 07:23:25 +0800 2021
华姐爱战战,不会去看了,Sat Mar 13 07:23:09 +0800 2021
不愿意透露姓名的蔡先森,一,Sat Mar 13 08:26:37 +0800 2021
决界银河,看,Sat Mar 13 08:13:12 +0800 2021
Crystal泡芙7,了,Sat Mar 13 07:41:57 +0800 2021
大大伦纸,说实话我真的看不懂阿凡达，几个蓝色人跳来跳去的,Sat Mar 13 09:43:17 +0800 2021
Monyiyi,我还是想在电影院看一遍终结者2 3D,Sat Mar 13 09:35:55 +0800 2021
小蒽玥最爱爸爸妈妈,我老公有一个遗憾就是没在电影院看…,Sat Mar 13 09:29:40 +0800 2021
川岛小新,了,Sat Mar 13 09:25:38 +0800 2021
也许像猩猩,阿凡达在上海和平影院放了有好几年吧,Sat Mar 13 09:21:20 +0800 2021
NIECOUSIN,上,Sat Mar 13 09:11:25 +0800 2021
那个小不啊,已经买票。,Sat Mar 13 09:10:32 +0800 2021
撒哈拉蜉蝣,o,Sat Mar 13 09:10:24 +0800 2021
cherry55639,饭,Sat Mar 13 09:10:04 +0800 2021
以国为荣Leslie,钱,Sat Mar 13 09:10:01 +0800 2021
行不更名的胖海螺,我的第一部3D电影，明天带孩子们去重温一下,Sat Mar 13 09:08:59 +0800 2021
wizerQ_W,紧,Sat Mar 13 09:08:47 +0800 2021
骑大象走云南,剧情一般，但是特效确实美，,Sat Mar 13 09:08:23 +0800 2021
王某某想要彪高音,什么时候复联1再重映一遍啊,Sat Mar 13 09:08:14 +0800 2021
木上临风,比李焕英良心多了，imax3D的才卖50，李焕英普通厅2D一张卖70。,Sat Mar 13 09:05:26 +0800 2021
西瓜味de琪琪,圈钱。,Sat Mar 13 09:03:05 +0800 2021
四月不是你的谎言_,割韭菜,Sat Mar 13 09:01:53 +0800 2021
Wk-Sexy,这么多水军？钱可真好赚呀,Sat Mar 13 08:49:50 +0800 2021
奶油go,拍续集没钱了，再来整点,Sat Mar 13 08:49:45 +0800 2021
背影Leebh,新西兰真的是人间仙境 多少好片子都是在新西兰拍的啊 林俊杰的新专辑也是在新西兰找的灵感 还有 卡梅隆大神 真的老了诶 但也是真的牛 这么多年了 票房前三两部都是他的片子,Sat Mar 13 08:47:40 +0800 2021
雪倾念执,导演希望你健健康康的，超越你的永远是你的下一部作品,Sat Mar 13 08:46:01 +0800 2021
堯emperor,老美拿旧东西挣中国人钱，抵制！,Sat Mar 13 08:45:17 +0800 2021
雪倾念执,希望都u去看看 真的,Sat Mar 13 08:45:14 +0800 2021
梦美琦lover,真的好好看,Sat Mar 13 08:42:54 +0800 2021
哈密瓜不甜了cc,是不是觉得中国人的钱好挣，嫉妒李焕英电影票房都能在世界排名这么厉害了，所以也来重影？,Sat Mar 13 08:41:51 +0800 2021
雷浩,恰烂钱,Sat Mar 13 08:38:40 +0800 2021
快半拍就好,要是真重映我回去看，那年上学没来得及在电影院看,Sat Mar 13 08:37:40 +0800 2021
折磨王hyz,的,Sat Mar 13 08:32:43 +0800 2021
有才华的星哥,我觉得是资金不够了，然后在中国赚一笔钱，哎，可恨的资本主义,Sat Mar 13 08:31:28 +0800 2021
艾拉不是拉,收了多少钱？,Sat Mar 13 08:29:41 +0800 2021
妹夫wqdl,这电影不错,Sat Mar 13 08:29:40 +0800 2021
仁安徽莉莉,这电影不错,Sat Mar 13 08:29:40 +0800 2021
suetunes没安全感孩纸171769,求博主在推荐些,Sat Mar 13 08:29:40 +0800 2021
独钓寒江夜p,求博主在推荐些,Sat Mar 13 08:29:39 +0800 2021
天之龙皇_956,好喜欢的电影，谢谢推荐,Sat Mar 13 08:29:38 +0800 2021
DEAR老维__过往回忆,求博主在推荐些,Sat Mar 13 08:29:38 +0800 2021
老中医养生美容,求博主在推荐些,Sat Mar 13 08:29:38 +0800 2021
韩江骄革,博主，再推荐些，真心喜欢,Sat Mar 13 08:29:37 +0800 2021
bianmingbm,好喜欢的电影，谢谢推荐,Sat Mar 13 08:29:36 +0800 2021
关-注幸运,这电影不错,Sat Mar 13 08:29:35 +0800 2021
自恋思莼清静思,求博主在推荐些,Sat Mar 13 08:29:35 +0800 2021
妹夫xifufei,这电影不错,Sat Mar 13 08:29:34 +0800 2021
贡禹弹冠I48,求博主在推荐些,Sat Mar 13 08:29:34 +0800 2021
寳458140333,博主，再推荐些，真心喜欢,Sat Mar 13 08:29:34 +0800 2021
想小橘宝贝的每一天,好喜欢的电影，谢谢推荐,Sat Mar 13 08:29:33 +0800 2021
只一二_460,博主，再推荐些，真心喜欢,Sat Mar 13 08:29:33 +0800 2021
小风_87810,求博主在推荐些,Sat Mar 13 08:29:34 +0800 2021
东东二十五_381,这电影不错,Sat Mar 13 08:29:33 +0800 2021
倪敏Judy,好喜欢的电影，谢谢推荐,Sat Mar 13 08:29:33 +0800 2021
张敏Linda聚,求博主在推荐些,Sat Mar 13 08:29:32 +0800 2021
唯就是D_L,求博主在推荐些,Sat Mar 13 08:29:32 +0800 2021
马甲紫江_959,博主，再推荐些，真心喜欢,Sat Mar 13 08:29:32 +0800 2021
思敏去兔子洞,求博主在推荐些,Sat Mar 13 08:29:30 +0800 2021
桃花烧,好喜欢的电影，谢谢推荐,Sat Mar 13 08:29:30 +0800 2021
湖光魅颖,求博主在推荐些,Sat Mar 13 08:29:30 +0800 2021
泽景文Bao辰,博主，再推荐些，真心喜欢,Sat Mar 13 08:29:30 +0800 2021
虫豸的梦想,博主，再推荐些，真心喜欢,Sat Mar 13 08:29:29 +0800 2021
沉迷单推的cdd,当时电影院看的时候还是小学生，怀念啊,Sat Mar 13 08:27:47 +0800 2021
习学好好要松南陶-,尼,Sat Mar 13 08:26:11 +0800 2021
匆匆那年一九八六,你要是差钱，我们中国有很多投资商，不过我会去电影院看，因为我在电影院看过,Sat Mar 13 08:22:27 +0800 2021
大魚Milo,他,Sat Mar 13 08:21:55 +0800 2021
---Libby---,的,Sat Mar 13 08:16:44 +0800 2021
sage万,吗,Sat Mar 13 08:16:35 +0800 2021
生旦净末丑哦,支持周星驰的大话西游系列上映！不是爷青回？,Sat Mar 13 08:15:35 +0800 2021
渡魂,神一样的导演,Sat Mar 13 08:14:36 +0800 2021
久居深海的美人鱼Zoya,要不是疫情，现在看的就是二,Sat Mar 13 08:14:08 +0800 2021
独孤龙烨,在映10个月，重映3回，，，牛逼,Sat Mar 13 08:13:53 +0800 2021
桃花谢了有玫瑰yeah,我看了，真的好,Sat Mar 13 08:12:13 +0800 2021
小美仙女喜欢猪咪向日葵,夸,Sat Mar 13 08:12:06 +0800 2021
开喜张,要看,Sat Mar 13 08:11:19 +0800 2021
云阁2015,不敢拍续集吗，只能反复重映挣钱，当我们傻,Sat Mar 13 07:59:21 +0800 2021
snail-cen,阿凡达开启3D时代，是一个电影的里程碑，票房不代表电影带来的象征性,Sat Mar 13 07:47:10 +0800 2021
阮宝喜欢奕婷,很期待鸭,Sat Mar 13 07:44:25 +0800 2021
油墨虫子,不错,Sat Mar 13 07:43:13 +0800 2021
暗黑必需品,讲难听点，这电影除了视觉还有什么？我们中国人的钱可真好赚。,Sat Mar 13 07:42:54 +0800 2021
失了分寸202101,这视觉效果真好,Sat Mar 13 07:42:07 +0800 2021
追逐淡雅小清新,效果很赞啊,Sat Mar 13 07:40:15 +0800 2021
缘之空之,满满的都是爱,Sat Mar 13 07:37:59 +0800 2021
我爱毛血旺也爱蒜蓉虾,太有感情啦,Sat Mar 13 07:33:26 +0800 2021
眼泪掉下来了哦,有点期待了,Sat Mar 13 07:32:58 +0800 2021
用户天语流芳,真是很好看,Sat Mar 13 07:30:07 +0800 2021
随风飘扬719,真的太棒了值得,Sat Mar 13 07:29:23 +0800 2021
A星承诺,非常的期待,Sat Mar 13 07:29:19 +0800 2021
悠筱云曦,竟然重新上映了,Sat Mar 13 07:28:56 +0800 2021
吐司脏脏包,很不错哦,Sat Mar 13 07:28:06 +0800 2021
hjh040512345,好喜欢啊,Sat Mar 13 07:28:02 +0800 2021
熙熙取名好难,加油,Sat Mar 13 07:26:49 +0800 2021
zhang大虫啊,太期待了啊,Sat Mar 13 07:26:32 +0800 2021
fovea恒,真的是很好看的,Sat Mar 13 07:24:39 +0800 2021
蔡卢一郎,剧组当观众是傻子吗,Sat Mar 13 07:24:38 +0800 2021
HELLO折翼天使,非常期待,Sat Mar 13 07:24:36 +0800 2021
牛头包青天,太棒了，期待,Sat Mar 13 07:24:29 +0800 2021
博龄6,>,Sat Mar 13 07:24:17 +0800 2021
又慢了一点点哦,还是很不错的,Sat Mar 13 07:24:16 +0800 2021
丸子新开始,期待期待,Sat Mar 13 07:24:12 +0800 2021
uwetsdhgs,非常的期待,Sat Mar 13 07:24:02 +0800 2021
安定轶事,求博主在推荐些,Sat Mar 13 07:23:45 +0800 2021
陶渊明2008,可以去看看,Sat Mar 13 07:23:39 +0800 2021
大爱纬度边的蚊子,我也没觉得,Sat Mar 13 07:23:35 +0800 2021
泡芙蛋糕配牛奶,非常好很棒。,Sat Mar 13 07:23:32 +0800 2021
威风细雨w,太期待了,Sat Mar 13 07:23:31 +0800 2021
spider锦鲤月,赞一个,Sat Mar 13 07:23:23 +0800 2021
爱山爱水爱自由,真心好看,Sat Mar 13 07:23:22 +0800 2021
气冲斗牛之暴富,不错的电影,Sat Mar 13 07:23:13 +0800 2021
鄒凉尘,还以为是安东尼,Sat Mar 13 08:36:18 +0800 2021
宇宙第一正经人,挣钱嘛 不丢人,Sat Mar 13 08:22:23 +0800 2021
什么都卖的小蓝孩,韭菜割得真麻利…,Sat Mar 13 07:56:36 +0800 2021
幸福就快快乐乐,挺不错的，阿凡达值得一看,Sat Mar 13 07:27:47 +0800 2021
愤怒的小拳王,一票难求,Sat Mar 13 07:26:08 +0800 2021
四方同一行,周末的时候我也要带孩子去看,Sat Mar 13 07:23:41 +0800 2021
拂袖天香2187155463_599,求博主在推荐些,Sat Mar 13 08:29:44 +0800 2021
千万不能的全部,求博主在推荐些,Sat Mar 13 08:29:43 +0800 2021
好呢人不够,这电影不错,Sat Mar 13 08:29:32 +0800 2021
生你气我都,好喜欢的电影，谢谢推荐,Sat Mar 13 08:29:30 +0800 2021
不止好看也要快乐,小时候的回忆,Sat Mar 13 08:29:20 +0800 2021
MMMLove-Buding,家里投影一个样,Sat Mar 13 08:13:44 +0800 2021
果为天使,求博主在推荐些,Sat Mar 13 07:55:31 +0800 2021
赢鑫电子商务4,这个真的好看,Sat Mar 13 07:55:29 +0800 2021
给你微笑815,期待播出,Sat Mar 13 07:47:01 +0800 2021
饵块成精,<a href='/n/肖啊业'>@肖啊业</a> 咱俩可以去看阿凡达,Sat Mar 13 09:10:41 +0800 2021
troopeke_10407,好电影都是特效加内涵 两者缺一不可 内涵更重要一点 我很喜欢阿凡达传达的这种理念,Sat Mar 13 09:06:49 +0800 2021
Rangooo归来,！,Sat Mar 13 08:47:08 +0800 2021
Rangooo归来,！,Sat Mar 13 08:40:28 +0800 2021
会腿咚的邓先森,卡梅隆回应称：中国那些沙雕的钱太特妈好赚了！,Sat Mar 13 08:37:44 +0800 2021
楠木小瓜子,求博主在推荐些,Sat Mar 13 08:29:59 +0800 2021
梚雾归,堪称经典至今都无人超越，也是这部电影改变了电影的一个时代，张家界取的景也非常的漂亮，打算再去撸一遍！ ,Sat Mar 13 08:48:39 +0800 2021
神秘的女明星,满满的都是回忆,Sat Mar 13 08:48:29 +0800 2021
神秘的女明星,这部电影很有内涵,Sat Mar 13 08:48:59 +0800 2021
黑虎穷捆小羊,一起互动,Sat Mar 13 08:49:38 +0800 2021
仙女杂货铺啊,d,Sat Mar 13 08:48:34 +0800 2021
黑虎穷捆小羊,好期待啊,Sat Mar 13 08:49:11 +0800 2021
胸是炒鸡蛋777,重温一下,Sat Mar 13 08:50:31 +0800 2021
风动心懂爱,好期待啊,Sat Mar 13 08:52:35 +0800 2021
刘小胖的铲屎官,真的厉害啊,Sat Mar 13 08:51:12 +0800 2021
辣子酱o,满满的回忆 期待重现,Sat Mar 13 08:50:49 +0800 2021
卡咘奇nuo,真的不错,Sat Mar 13 08:50:41 +0800 2021
黄桃桃就是我,确实很牛的呢,Sat Mar 13 08:50:30 +0800 2021
爱情孤舟小岛,期待这部巨作上映,Sat Mar 13 08:50:29 +0800 2021
你的笑俘获我的心,不错超级好看好看啊,Sat Mar 13 08:50:30 +0800 2021
余梦娜13,这电影不错,Sat Mar 13 08:50:28 +0800 2021
东北小恒阳,超级想看看了第一遍，想看第二遍,Sat Mar 13 08:50:22 +0800 2021
真正假假,真的是很牛逼啊,Sat Mar 13 08:50:19 +0800 2021
粉红妹小猪佩奇,电影真的太好看了,Sat Mar 13 08:50:15 +0800 2021
卡咘奇nuo,来重温一下,Sat Mar 13 08:50:06 +0800 2021
风动心懂爱,非常期待啊,Sat Mar 13 08:50:04 +0800 2021
辣子酱o,经典之作 期待,Sat Mar 13 08:50:03 +0800 2021
帛之夜,这部电影很有内涵,Sat Mar 13 08:49:57 +0800 2021
黄桃桃就是我,太期待了，真的很不错呢,Sat Mar 13 08:49:47 +0800 2021
油墨虫子,哈哈,Sat Mar 13 08:49:43 +0800 2021
横行螃蟹,不错不错,Sat Mar 13 08:49:43 +0800 2021
Miss_Mu715,满满的回忆,Sat Mar 13 08:49:40 +0800 2021
真正假假,太有内涵了，必须去看,Sat Mar 13 08:49:33 +0800 2021
嗷嗷小锦鲤,也因为最近没有新电影,Sat Mar 13 08:49:16 +0800 2021
刘小胖的铲屎官,太厉害了呢,Sat Mar 13 08:49:09 +0800 2021
辣子酱o,经典重现期待,Sat Mar 13 08:49:07 +0800 2021
帛之夜,满满的都是回忆,Sat Mar 13 08:49:06 +0800 2021
粉红妹小猪佩奇,真的很牛啊,Sat Mar 13 08:49:05 +0800 2021
嗷嗷小锦鲤,已经等了好多年了呀,Sat Mar 13 08:49:01 +0800 2021
刘小胖的铲屎官,真的很牛啊,Sat Mar 13 08:48:53 +0800 2021
迷路嘚小不点,厉害了啊,Sat Mar 13 08:48:51 +0800 2021
豆了豆111,好期待啊,Sat Mar 13 08:53:15 +0800 2021
汪延Lee,挺好看的,Sat Mar 13 09:23:52 +0800 2021
会明976,卡梅隆的经典科幻大片，一起重温一下,Sat Mar 13 09:22:34 +0800 2021
始终如一那么固执2019,一起期待吧,Sat Mar 13 08:58:37 +0800 2021
轻描淡写4776_111,快点上映续集吧，太期待啦,Sat Mar 13 08:52:48 +0800 2021
四叶草紫丁香1018,精彩的剧情太喜欢看了,Sat Mar 13 08:52:45 +0800 2021
单于骨肝单于,电影真的太好看了,Sat Mar 13 08:52:44 +0800 2021
娟子200809,真的是很厉害啊！,Sat Mar 13 08:52:27 +0800 2021
香蕉没有橘子好吃xjj,真的好期待啊！,Sat Mar 13 08:52:27 +0800 2021
下一个星空1314,阿凡达确实牛,Sat Mar 13 08:52:26 +0800 2021
静静来啦L,重温一下吧,Sat Mar 13 08:52:15 +0800 2021
biaobiao_11707,超级好看的,Sat Mar 13 08:52:15 +0800 2021
幸运的又榕_935_886_969,一起期待吧,Sat Mar 13 08:52:09 +0800 2021
坚持自律的笔记,经典,Sat Mar 13 08:51:55 +0800 2021
有时可较真,那时没怎么看 这次一定要去,Sat Mar 13 08:51:44 +0800 2021
巍巍丫丫_824,满满的都是回忆,Sat Mar 13 08:51:42 +0800 2021
清挽小仙女,满满的都是回忆,Sat Mar 13 08:51:41 +0800 2021
engorge,期待续集,Sat Mar 13 08:51:31 +0800 2021
A飞海婵娟,特效效果太棒了,Sat Mar 13 08:51:28 +0800 2021
我的小蒙梦,待,Sat Mar 13 08:51:24 +0800 2021
汪延Lee,牛气,Sat Mar 13 08:51:19 +0800 2021
mlkashdihgw,太精彩了，一切互动吧,Sat Mar 13 08:51:14 +0800 2021
天蓝玫瑰精灵,这部电影很有内涵哦！太期待啦！,Sat Mar 13 08:51:12 +0800 2021
大把大把的来,这部电影确实好看,Sat Mar 13 08:51:07 +0800 2021
uweohsdf,这电影真的太好看了，精彩,Sat Mar 13 08:50:57 +0800 2021
幸运的又榕_935_886_969,无比的期待哦,Sat Mar 13 08:50:48 +0800 2021
小宇i0324,特别的震撼啊,Sat Mar 13 08:50:42 +0800 2021
追梦--china,11,Sat Mar 13 08:50:41 +0800 2021
人山欲然,电影太好看了,Sat Mar 13 08:50:41 +0800 2021
老家的自行车,好期待呀！,Sat Mar 13 08:50:38 +0800 2021
朵多328801,回忆满满,Sat Mar 13 08:50:35 +0800 2021
单于骨肝单于,都是美好的回忆啊,Sat Mar 13 08:50:28 +0800 2021
别烦joker,真的很牛,Sat Mar 13 08:50:24 +0800 2021
点点音乐美文m,真的牛,Sat Mar 13 08:50:24 +0800 2021
大姐夫bot,无比的期待,Sat Mar 13 08:50:20 +0800 2021
uweohsdf,这电影真的太牛了啊，,Sat Mar 13 08:50:18 +0800 2021
景月心渊32,太期待了吧,Sat Mar 13 08:50:17 +0800 2021
春分吹多了呀,哇撒特效那是相当的牛批,Sat Mar 13 08:50:13 +0800 2021
Lucy宝贝宝贝,非常的好看哦,Sat Mar 13 08:50:13 +0800 2021
仇家231231,这部电影挺不错的，满满的都是回呀,Sat Mar 13 08:50:13 +0800 2021
uwetsdhgs,满满的都是回忆,Sat Mar 13 08:50:10 +0800 2021
coco鸭ya,太牛了,Sat Mar 13 08:50:08 +0800 2021
天蓝玫瑰精灵,这部电影很有内涵哦！期待哦！,Sat Mar 13 08:50:05 +0800 2021
巍巍丫丫_824,这部电影很有内涵,Sat Mar 13 08:50:01 +0800 2021
轻描淡写4776_111,准备去回忆下了,Sat Mar 13 08:50:02 +0800 2021
爱你在二筒tm,期待期待着,Sat Mar 13 08:50:01 +0800 2021
lpqjjhns,真的很牛啊,Sat Mar 13 08:50:00 +0800 2021
mlkashdihgw,一切都是美好的回忆,Sat Mar 13 08:49:59 +0800 2021
Lost迷惘_39188,期待啊！,Sat Mar 13 08:49:46 +0800 2021
有时可较真,从新体验,Sat Mar 13 08:49:45 +0800 2021
坚持自律的笔记,好期待,Sat Mar 13 08:49:41 +0800 2021
uwetsdhgs,d,Sat Mar 13 08:49:42 +0800 2021
小宇i0324,真的很牛啊哈哈哈,Sat Mar 13 08:49:39 +0800 2021
我是江鱼哥哥_420,太喜欢了，很期待。,Sat Mar 13 08:49:39 +0800 2021
点点音乐美文m,好厉害了,Sat Mar 13 08:49:37 +0800 2021
你别来我无恙DHH,一定观看,Sat Mar 13 08:49:37 +0800 2021
天天睡不醒ww1,满满的都是回忆,Sat Mar 13 08:49:36 +0800 2021
四叶草紫丁香1018,好棒的一部剧太精彩了！,Sat Mar 13 08:49:36 +0800 2021
是我一只小可爱,好期待,Sat Mar 13 08:49:25 +0800 2021
坚持自律的笔记,有内涵有回忆,Sat Mar 13 08:49:25 +0800 2021
人山欲然,满满的回忆啊,Sat Mar 13 08:49:24 +0800 2021
有时可较真,在看一次,Sat Mar 13 08:49:24 +0800 2021
景月心渊32,太厉害了吧,Sat Mar 13 08:49:23 +0800 2021
爱你在二筒tm,我还是默默吃瓜吧！,Sat Mar 13 08:49:23 +0800 2021
轻描淡写4776_111,好期待续集呀,Sat Mar 13 08:49:22 +0800 2021
青春淳淳,真的好厉害啊,Sat Mar 13 08:49:20 +0800 2021
大家进群换卡鸭,真的很牛,Sat Mar 13 08:49:20 +0800 2021
大姐夫bot,先是回忆又是期待,Sat Mar 13 08:49:18 +0800 2021
共度余生gdys,经典大片期待播出,Sat Mar 13 08:49:13 +0800 2021
大把大把的来,很棒的一部电影,Sat Mar 13 08:49:12 +0800 2021
天生吃不胖lyf,真的是太厉害了,Sat Mar 13 08:49:12 +0800 2021
hjh040512345,太棒了👍,Sat Mar 13 08:49:10 +0800 2021
娟子200809,真的很牛啊！,Sat Mar 13 08:49:11 +0800 2021
uweohsdf,真的太厉害了啊，,Sat Mar 13 08:49:08 +0800 2021
么么哒我的白睿,满满的回忆,Sat Mar 13 08:49:03 +0800 2021
天天睡不醒ww1,期待期啊,Sat Mar 13 08:49:02 +0800 2021
Lucy宝贝宝贝,真的是很很牛,Sat Mar 13 08:49:01 +0800 2021
Lost迷惘_39188,好历害啊！,Sat Mar 13 08:49:00 +0800 2021
jekjl24,真的是厉害了,Sat Mar 13 08:48:56 +0800 2021
青春淳淳,期待啊,Sat Mar 13 08:48:53 +0800 2021
人山欲然,这太牛了吧,Sat Mar 13 08:48:51 +0800 2021
是云飞了,不断创新高,Sat Mar 13 08:48:43 +0800 2021
深拥不及永伴2000,期待期待,Sat Mar 13 08:48:44 +0800 2021
是我一只小可爱,太棒了,Sat Mar 13 08:48:40 +0800 2021
司徒静玉01,期待期待,Sat Mar 13 08:48:36 +0800 2021
Lost迷惘_39188,好牛啊！！！,Sat Mar 13 08:48:33 +0800 2021
迷迷糊糊迷糊桃,好看好看,Sat Mar 13 09:58:04 +0800 2021
此用户很懒未填昵称,吗,Sat Mar 13 09:38:17 +0800 2021
美食奥妙,这电影不错,Sat Mar 13 08:54:27 +0800 2021
qweusamhs,太牛了吧也,Sat Mar 13 08:54:10 +0800 2021
Ggpl1949,经典！无人超越啊！,Sat Mar 13 08:53:20 +0800 2021
娱杰ii,真的非常不爽。,Sat Mar 13 08:53:15 +0800 2021
渴望又等不及的你,挺好看的,Sat Mar 13 08:52:56 +0800 2021
秋天的明月i,这电影不错,Sat Mar 13 08:52:41 +0800 2021
一天一个样YY,这个成绩不错哦！,Sat Mar 13 08:51:52 +0800 2021
小样儿cy1986,我看了5遍,Sat Mar 13 08:51:39 +0800 2021
我还站在你眼前,真的好牛啊,Sat Mar 13 08:51:29 +0800 2021
豆了豆111,太好看了,Sat Mar 13 08:51:02 +0800 2021
丿恶魔在身边,这部电影太精彩了,Sat Mar 13 08:50:27 +0800 2021
华姐爱战战,太好看了,Sat Mar 13 08:50:17 +0800 2021
小姑凉的青春,这电影不错,Sat Mar 13 08:50:15 +0800 2021
开阳星,真的太期待了,Sat Mar 13 08:49:55 +0800 2021
Gary澈,不错，很喜欢,Sat Mar 13 08:49:37 +0800 2021
不知道取什么昵称呢22,很期待上映,Sat Mar 13 08:49:36 +0800 2021
未来可期6628,太期待了,Sat Mar 13 08:49:32 +0800 2021
瑶瑶请你吃香香,真的很牛,Sat Mar 13 08:49:25 +0800 2021
华姐爱战战,太精彩了,Sat Mar 13 08:49:25 +0800 2021
没事就吃溜溜梅8,期待续集的到来,Sat Mar 13 08:49:23 +0800 2021
扛起毛球转身就跑,s,Sat Mar 13 08:49:23 +0800 2021
未来可期6628,期待上映,Sat Mar 13 08:49:10 +0800 2021
Gary澈,喜欢看,Sat Mar 13 08:49:04 +0800 2021
奔跑的小小羊11,真的特别期待,Sat Mar 13 08:48:57 +0800 2021
BigMrHansbrough雪碧可乐最饮得,依舊是大片,Sat Mar 13 08:48:51 +0800 2021
华姐爱战战,太好看了,Sat Mar 13 08:48:49 +0800 2021
苏小洛0817,太厉害了。,Sat Mar 13 08:51:29 +0800 2021
郑泽鑫铖,牛掰,Sat Mar 13 10:37:37 +0800 2021
小嫦讹钱啦,已经上映过了为什么还要上线？是怕某个电影票房威胁到某个导演？所以利用阿凡达打击那个电影的票房？,Sat Mar 13 10:34:53 +0800 2021
jason的梦想星空,满满的都是回忆,Sat Mar 13 10:25:04 +0800 2021
雪倾念执,我能说我又没抢到IMAX票吗 北京 各大影院爆满,Sat Mar 13 10:14:00 +0800 2021
niuniu的性格,好喜欢的电影，谢谢推荐,Sat Mar 13 09:37:45 +0800 2021
暖冰508_713,这电影不错,Sat Mar 13 09:37:45 +0800 2021
春风不识路里,好喜欢的电影，谢谢推荐,Sat Mar 13 09:37:41 +0800 2021
老巷里的狸猫,求博主在推荐些,Sat Mar 13 09:37:42 +0800 2021
封面上恋人,求博主在推荐些,Sat Mar 13 09:37:39 +0800 2021
幽然思齐欢_41217,好喜欢的电影，谢谢推荐,Sat Mar 13 09:37:39 +0800 2021
同日而论61l,博主，再推荐些，真心喜欢,Sat Mar 13 09:37:38 +0800 2021
zhronger_15886,这电影不错,Sat Mar 13 09:37:37 +0800 2021
我是花花公子王,博主，再推荐些，真心喜欢,Sat Mar 13 09:37:38 +0800 2021
hh941029,博主，再推荐些，真心喜欢,Sat Mar 13 09:37:38 +0800 2021
来年的诗词,这电影不错,Sat Mar 13 09:37:37 +0800 2021
HOTJING_974,好喜欢的电影，谢谢推荐,Sat Mar 13 09:37:36 +0800 2021
qqxx1213_a7a746,好喜欢的电影，谢谢推荐,Sat Mar 13 09:37:37 +0800 2021
myw1982,博主，再推荐些，真心喜欢,Sat Mar 13 09:37:36 +0800 2021
上勤下顺4CqXF,好喜欢的电影，谢谢推荐,Sat Mar 13 09:37:36 +0800 2021
伟权哥哥,博主，再推荐些，真心喜欢,Sat Mar 13 09:37:36 +0800 2021
wusg2_575_326_784,求博主在推荐些,Sat Mar 13 09:37:36 +0800 2021
69b6俏,好喜欢的电影，谢谢推荐,Sat Mar 13 09:37:36 +0800 2021
大大怪_43754,好喜欢的电影，谢谢推荐,Sat Mar 13 09:37:36 +0800 2021
幸运秋歌_968,求博主在推荐些,Sat Mar 13 09:37:36 +0800 2021
爱你在北京tm,博主，再推荐些，真心喜欢,Sat Mar 13 09:37:35 +0800 2021
爱你在一万tm,这电影不错,Sat Mar 13 09:37:35 +0800 2021
ylhewcwar,好喜欢的电影，谢谢推荐,Sat Mar 13 09:37:20 +0800 2021
茉莉花Mary,求博主在推荐些,Sat Mar 13 09:37:19 +0800 2021
若爱无痕vq,好喜欢的电影，谢谢推荐,Sat Mar 13 09:37:15 +0800 2021
芮竹2010,求博主在推荐些,Sat Mar 13 09:37:15 +0800 2021
lkyhdgrfwq,博主，再推荐些，真心喜欢,Sat Mar 13 09:37:15 +0800 2021
霸气帅虎,求博主在推荐些,Sat Mar 13 09:37:14 +0800 2021
爱你在六万tm,求博主在推荐些,Sat Mar 13 09:37:12 +0800 2021
期_货陈振升,求博主在推荐些,Sat Mar 13 09:37:12 +0800 2021
心情-晴-雨_443,这电影不错,Sat Mar 13 09:37:11 +0800 2021
忽略自己呀五台山_407,这电影不错,Sat Mar 13 09:37:11 +0800 2021
oimnvhydeq,求博主在推荐些,Sat Mar 13 09:37:10 +0800 2021
小心_70085,求博主在推荐些,Sat Mar 13 09:37:09 +0800 2021
ppdibeip_8f40f7,博主，再推荐些，真心喜欢,Sat Mar 13 09:37:09 +0800 2021
lnvmseqvz,求博主在推荐些,Sat Mar 13 09:37:09 +0800 2021
lhjuiymgft,求博主在推荐些,Sat Mar 13 09:37:08 +0800 2021
mowangliu,博主，再推荐些，真心喜欢,Sat Mar 13 09:37:08 +0800 2021
ww2sz_118,求博主在推荐些,Sat Mar 13 09:37:08 +0800 2021
Cngy,这电影不错,Sat Mar 13 09:37:07 +0800 2021
大气郝然,这电影不错,Sat Mar 13 09:37:08 +0800 2021
布风捉影_820,博主，再推荐些，真心喜欢,Sat Mar 13 09:37:08 +0800 2021
自在1702342632,这电影不错,Sat Mar 13 09:37:07 +0800 2021
-Junior_,博主，再推荐些，真心喜欢,Sat Mar 13 09:37:06 +0800 2021
okpuwh,好喜欢的电影，谢谢推荐,Sat Mar 13 09:37:06 +0800 2021
是但你up,好喜欢的电影，谢谢推荐,Sat Mar 13 09:37:06 +0800 2021
贾思廷0222,好喜欢的电影，谢谢推荐,Sat Mar 13 09:37:05 +0800 2021
herry88彪,好喜欢的电影，谢谢推荐,Sat Mar 13 09:37:05 +0800 2021
遗忘的倒是非,这电影不错,Sat Mar 13 09:37:04 +0800 2021
台湾撼声KTV音响专家_381,好喜欢的电影，谢谢推荐,Sat Mar 13 09:37:04 +0800 2021
丿Amor丶小雪,求博主在推荐些,Sat Mar 13 09:37:04 +0800 2021
yjionvmce,好喜欢的电影，谢谢推荐,Sat Mar 13 09:37:03 +0800 2021
wesdqavl,求博主在推荐些,Sat Mar 13 09:37:03 +0800 2021
曲蔚然杂在市,这电影不错,Sat Mar 13 09:37:02 +0800 2021
uilmnvehqz,好喜欢的电影，谢谢推荐,Sat Mar 13 09:37:02 +0800 2021
iushaidngs,博主，再推荐些，真心喜欢,Sat Mar 13 09:37:02 +0800 2021
北城不夏炎,这电影不错,Sat Mar 13 09:37:02 +0800 2021
雾里看光,求博主在推荐些,Sat Mar 13 09:37:01 +0800 2021
黑色地奘_162,求博主在推荐些,Sat Mar 13 09:37:01 +0800 2021
AI荣荣_12406,博主，再推荐些，真心喜欢,Sat Mar 13 09:37:02 +0800 2021
刘洁洁__,求博主在推荐些,Sat Mar 13 09:37:01 +0800 2021
我是手术刀,博主，再推荐些，真心喜欢,Sat Mar 13 09:37:01 +0800 2021
音为灬爱,这电影不错,Sat Mar 13 09:37:01 +0800 2021
暮夜寒_609,好喜欢的电影，谢谢推荐,Sat Mar 13 09:37:01 +0800 2021
molpkhf,求博主在推荐些,Sat Mar 13 09:37:00 +0800 2021
木槿暧夏秋,博主，再推荐些，真心喜欢,Sat Mar 13 09:37:00 +0800 2021
小屁屁飞翔,这个真的好看,Sat Mar 13 09:37:00 +0800 2021
fmnvcsuos,这电影不错,Sat Mar 13 09:36:59 +0800 2021
发光的瓦灯,博主，再推荐些，真心喜欢,Sat Mar 13 09:36:59 +0800 2021
西区微千万,这电影不错,Sat Mar 13 09:36:58 +0800 2021
mrzq166,这电影不错,Sat Mar 13 09:36:49 +0800 2021
我就不晓得叫什么,,Sat Mar 13 09:36:33 +0800 2021
我就不晓得叫什么,,Sat Mar 13 09:36:28 +0800 2021
fermans,怀,Sat Mar 13 09:23:45 +0800 2021
Two_La,第一部3D电影？,Sat Mar 13 09:04:18 +0800 2021
泉水向西Barbara,这电影不错,Sat Mar 13 08:54:38 +0800 2021
小废是我,求博主在推荐些,Sat Mar 13 08:54:36 +0800 2021
最强小明猪,这电影不错,Sat Mar 13 08:54:33 +0800 2021
爱你在三条tm,求博主在推荐些,Sat Mar 13 08:54:32 +0800 2021
世启望沧37,求博主在推荐些,Sat Mar 13 08:54:32 +0800 2021
皮套弟弟_369_972,求博主在推荐些,Sat Mar 13 08:54:31 +0800 2021
fz04zxp,求博主在推荐些,Sat Mar 13 08:54:31 +0800 2021
安泓儿_555,博主，再推荐些，真心喜欢,Sat Mar 13 08:54:30 +0800 2021
9试芍PiQ6C往恤G淌瓢邓甘,好喜欢的电影，谢谢推荐,Sat Mar 13 08:54:30 +0800 2021
梦若客果76,好喜欢的电影，谢谢推荐,Sat Mar 13 08:54:31 +0800 2021
奋斗KJY,好喜欢的电影，谢谢推荐,Sat Mar 13 08:54:29 +0800 2021
treisyt,这电影不错,Sat Mar 13 08:54:30 +0800 2021
0nana0等待,好喜欢的电影，谢谢推荐,Sat Mar 13 08:54:29 +0800 2021
筱轩宝,这电影不错,Sat Mar 13 08:54:30 +0800 2021
bnhfdhjsd,好喜欢的电影，谢谢推荐,Sat Mar 13 08:54:30 +0800 2021
wangyanling168,博主，再推荐些，真心喜欢,Sat Mar 13 08:54:29 +0800 2021
人气妹儿将情话偷藏,好喜欢的电影，谢谢推荐,Sat Mar 13 08:54:29 +0800 2021
最佳fefefe,好喜欢的电影，谢谢推荐,Sat Mar 13 08:54:29 +0800 2021
pdsjsjsr,好喜欢的电影，谢谢推荐,Sat Mar 13 08:54:29 +0800 2021
满好619,求博主在推荐些,Sat Mar 13 08:54:29 +0800 2021
字字金言,博主，再推荐些，真心喜欢,Sat Mar 13 08:54:29 +0800 2021
阿之泉,求博主在推荐些,Sat Mar 13 08:54:29 +0800 2021
浪蝶游蜂x8A1,求博主在推荐些,Sat Mar 13 08:54:29 +0800 2021
红星闪闪轩轩2013,求博主在推荐些,Sat Mar 13 08:54:27 +0800 2021
还大矿工跌倒完了,博主，再推荐些，真心喜欢,Sat Mar 13 08:54:28 +0800 2021
Record-Experience_635,求博主在推荐些,Sat Mar 13 08:54:28 +0800 2021
鳞甲之首,好喜欢的电影，谢谢推荐,Sat Mar 13 08:54:27 +0800 2021
恍惚的小妞,博主，再推荐些，真心喜欢,Sat Mar 13 08:54:28 +0800 2021
萧烟幸铃64,求博主在推荐些,Sat Mar 13 08:54:27 +0800 2021
davidlewescn,好喜欢的电影，谢谢推荐,Sat Mar 13 08:54:27 +0800 2021
戴銘兒空中的梦想家_X,这电影不错,Sat Mar 13 08:54:26 +0800 2021
天津菲魔力,求博主在推荐些,Sat Mar 13 08:54:27 +0800 2021
飘零丶寂寞的雪,这电影不错,Sat Mar 13 08:54:27 +0800 2021
转摘怀旧也像,好喜欢的电影，谢谢推荐,Sat Mar 13 08:54:27 +0800 2021
fu美滋滋,求博主在推荐些,Sat Mar 13 08:54:27 +0800 2021
无处寄笺34,好喜欢的电影，谢谢推荐,Sat Mar 13 08:54:26 +0800 2021
悠叶轻旋_768,好喜欢的电影，谢谢推荐,Sat Mar 13 08:54:27 +0800 2021
初雪心情,求博主在推荐些,Sat Mar 13 08:54:27 +0800 2021
依瑶迟湄_80,博主，再推荐些，真心喜欢,Sat Mar 13 08:54:26 +0800 2021
碧玺恋歌_298,好喜欢的电影，谢谢推荐,Sat Mar 13 08:54:26 +0800 2021
asuiyewsd,博主，再推荐些，真心喜欢,Sat Mar 13 08:54:26 +0800 2021
召唤丶丌,求博主在推荐些,Sat Mar 13 08:54:26 +0800 2021
檬笑贰七36,求博主在推荐些,Sat Mar 13 08:54:25 +0800 2021
mpoygwiu,博主，再推荐些，真心喜欢,Sat Mar 13 08:54:25 +0800 2021
从今天开始达人,求博主在推荐些,Sat Mar 13 08:54:25 +0800 2021
bigjune_983,求博主在推荐些,Sat Mar 13 08:54:25 +0800 2021
天天向上GG_792,求博主在推荐些,Sat Mar 13 08:54:26 +0800 2021
锴相传已知禁猎,求博主在推荐些,Sat Mar 13 08:54:26 +0800 2021
uytwqjg,这电影不错,Sat Mar 13 08:54:25 +0800 2021
trsfdcjh,博主，再推荐些，真心喜欢,Sat Mar 13 08:54:24 +0800 2021
A-give,这电影不错,Sat Mar 13 08:54:24 +0800 2021
球球69_756,好喜欢的电影，谢谢推荐,Sat Mar 13 08:54:25 +0800 2021
ymdjsjws,这电影不错,Sat Mar 13 08:54:24 +0800 2021
堇颜恩很48,博主，再推荐些，真心喜欢,Sat Mar 13 08:54:24 +0800 2021
路烦青杨341,求博主在推荐些,Sat Mar 13 08:54:24 +0800 2021
高国晋_638_222,博主，再推荐些，真心喜欢,Sat Mar 13 08:54:23 +0800 2021
请别忘了我只是个女人i_500,博主，再推荐些，真心喜欢,Sat Mar 13 08:54:24 +0800 2021
天域宝,这电影不错,Sat Mar 13 08:54:23 +0800 2021
緋若紫星辰,好喜欢的电影，谢谢推荐,Sat Mar 13 08:54:24 +0800 2021
花雨轩21,好喜欢的电影，谢谢推荐,Sat Mar 13 08:54:24 +0800 2021
宏伟2003_684,好喜欢的电影，谢谢推荐,Sat Mar 13 08:54:23 +0800 2021
笑是一个表情与快乐无关_976,求博主在推荐些,Sat Mar 13 08:54:24 +0800 2021
thssejwsjcd,这电影不错,Sat Mar 13 08:54:23 +0800 2021
一根烟委屈,这电影不错,Sat Mar 13 08:54:24 +0800 2021
青岛袁洋_919,博主，再推荐些，真心喜欢,Sat Mar 13 08:54:23 +0800 2021
uiysljhng,求博主在推荐些,Sat Mar 13 08:54:23 +0800 2021
汐奚瑾瑜36,求博主在推荐些,Sat Mar 13 08:54:22 +0800 2021
jkrtwebn,这电影不错,Sat Mar 13 08:54:22 +0800 2021
轻子龙汐47,求博主在推荐些,Sat Mar 13 08:54:23 +0800 2021
崔红新2008,这电影不错,Sat Mar 13 08:54:23 +0800 2021
Nslookup2016,！,Sat Mar 13 10:39:29 +0800 2021
北程主,马上夺回世界第一了,Sat Mar 13 11:46:52 +0800 2021
你才是九漏鱼,真逗,Sat Mar 13 11:42:30 +0800 2021
学渣QG,呗,Sat Mar 13 11:42:26 +0800 2021
止水benzs,美国人没钱拍续集了,Sat Mar 13 11:25:00 +0800 2021
世界美好与我们相扣,想看！重温经典！,Sat Mar 13 11:22:14 +0800 2021
青柠y987,第一次上映没去看，这次也不会，我不想花自己的钱给他们买子弹打自己，,Sat Mar 13 11:01:24 +0800 2021
软萌萌小丫丫,昨天看的IMAX，只能说经典就是经典，不管是剧情还是电影传达的理念，超棒！,Sat Mar 13 10:50:30 +0800 2021
我小名叫被子呀,那复联也再播一遍？,Sat Mar 13 11:40:57 +0800 2021
德龙-tSns,指着大陆给他们冲记录呢,Sat Mar 13 11:39:11 +0800 2021
董花卷,当时上映的时候，很多小喷子还不能实现看电影自由呢吧,Sat Mar 13 11:37:48 +0800 2021
Z张轩铭,很好，我也贡献了imax,Sat Mar 13 11:28:10 +0800 2021
杨钦小胖子,,Sat Mar 13 11:21:17 +0800 2021
一道嚯唏,<a href='/n/咸鱼小懒懒'>@咸鱼小懒懒</a> 真的上了诶,Sat Mar 13 11:21:14 +0800 2021
深蓝传说,映,Sat Mar 13 11:16:08 +0800 2021
黑曼巴的热,这帮人疯了么…,Sat Mar 13 11:11:06 +0800 2021
青旅薄荷音,周天我就去看！！！！,Sat Mar 13 11:11:00 +0800 2021
狂妄的小青年,士,Sat Mar 13 11:03:06 +0800 2021
叫我条子肉,看,Sat Mar 13 10:55:54 +0800 2021
Delicate_Zhang,好看,Sat Mar 13 10:52:39 +0800 2021
路瑶inyourheart,<a href='/n/小爪爪的霸王龙'>@小爪爪的霸王龙</a> 你的最爱,Sat Mar 13 10:49:38 +0800 2021
yuanquanhome,十年后谁会记得李焕英？十年后谁会忘记阿凡达？,Sat Mar 13 11:43:06 +0800 2021
mm-yaya,昨天去看了，别说在十年前，在现在来看依旧不错,Sat Mar 13 10:52:42 +0800 2021
境外旅游旅行结伴,票价太贵100多,Sat Mar 13 11:55:15 +0800 2021
Julioy,无语,Sat Mar 13 11:54:32 +0800 2021
嗨一只白猫, ,Sat Mar 13 11:54:11 +0800 2021
ss桃子9095,不想看的不去看就是了，叨叨啥，以前没去看过的赶紧去电影院感受下，反正我是要去看下,Sat Mar 13 11:53:11 +0800 2021
你看到的只是个背影,把达叔和星爷的经典电影重映一次吧,Sat Mar 13 11:50:14 +0800 2021
梓佑小淇,希望《乱世佳人》重映,Sat Mar 13 11:48:05 +0800 2021
卧槽谁娶了我的名字,球奸的故事,Sat Mar 13 11:44:33 +0800 2021
爱护公共设施o_O,全球累计票房看看热闹就行了，毕竟时代不同，通货都通胀了,Sat Mar 13 11:41:42 +0800 2021
雨朦朦嫣萌萌,办,Sat Mar 13 11:40:52 +0800 2021
走X日尧月月鸟,无趣无聊无用,Sat Mar 13 11:38:11 +0800 2021
吃货苏学士,我看的第一部3D,Sat Mar 13 11:37:53 +0800 2021
足下不生风,天花板挂了11年依旧是天花板,Sat Mar 13 11:36:40 +0800 2021
NYWSYH,希望魔戒可以重映,Sat Mar 13 11:35:49 +0800 2021
_風陵丶,要不是小地方没有imax我肯定也要去看的,Sat Mar 13 11:34:02 +0800 2021
徐海匀要去伯纳乌要去海布利,不能说的秘密什么时候重新上映,Sat Mar 13 11:33:53 +0800 2021
KevinGarnetto,现在是没电影看了吗？？？,Sat Mar 13 11:32:47 +0800 2021
beba-bear,我没看过,Sat Mar 13 11:31:31 +0800 2021
liujason,11年过去了 当年还在高中 没有机会去电影院感受 现在一定要找时间去看一次imax,Sat Mar 13 11:30:13 +0800 2021
请提醒我少上网多学习,。,Sat Mar 13 11:29:12 +0800 2021
forever_越努力越幸运,咋们那些老港片也可以重映啊,Sat Mar 13 11:27:29 +0800 2021
食堂的海带汤,看完阿凡达，主角就是活生生的叛徒，给一个叛徒描写的这么美好。,Sat Mar 13 11:25:22 +0800 2021
沈初礼,想看IMAX,Sat Mar 13 11:24:33 +0800 2021
优秀的我呐,牛逼,Sat Mar 13 11:23:45 +0800 2021
娇妹儿YYJ,我昨天看了,Sat Mar 13 11:17:42 +0800 2021
薄冰VC,啥电影没完没了放 也能充个冠军,Sat Mar 13 11:13:41 +0800 2021
小牛在线受害人,希望泰坦尼克号重映！,Sat Mar 13 11:13:29 +0800 2021
爱Gigi的琪天大圣,呗,Sat Mar 13 11:12:34 +0800 2021
Sam-李子,2200万可是在票价打折的基础上创造的，说明实际观影人数比想象中更多。,Sat Mar 13 11:10:02 +0800 2021
薄冰VC,看我们票房好要来分点蛋糕啊,Sat Mar 13 11:09:32 +0800 2021
雨中的小伙伴,圈钱来了,Sat Mar 13 11:06:42 +0800 2021
由飞77,其实重映就是给一些人弥补遗憾的。别说重映了，一部电影上映时还有很多人会重复去看很多次。好的电影它就值得看很多遍。当年泰坦尼克号重映的时候，即使已经用电脑看了很多遍了，还是会去影院再看一遍。,Sat Mar 13 11:05:34 +0800 2021
zhalang封我号,好看归好看 吃相难看也归难看,Sat Mar 13 11:00:53 +0800 2021
KelvinLamm,但凭着这么一部3D IMAX电影万达卖29.9，我就觉得是良心。,Sat Mar 13 11:00:14 +0800 2021
冬天会中暑嘛,看来人民生活水平真是提高了！,Sat Mar 13 10:58:48 +0800 2021
CHENGSIUHO,中国人民冲鸭！,Sat Mar 13 10:58:10 +0800 2021
jzz游侠,👍,Sat Mar 13 10:56:02 +0800 2021
魏二姚,闲得蛋疼？,Sat Mar 13 10:55:46 +0800 2021
Rogue志,傻子钱多！,Sat Mar 13 10:55:25 +0800 2021
企鹅会翱翔,黑客帝国重映不？,Sat Mar 13 10:54:51 +0800 2021
名字复杂人要简单,还记得那年贡献了票房,Sat Mar 13 10:54:11 +0800 2021
尼糯米爱番茄酱,13岁看的，反正剧情没看懂，特效被爽到,Sat Mar 13 10:53:33 +0800 2021
mmmmohae,阿凡达票房再火爆一次，张家界又再一次进入世界的眼球，互利。,Sat Mar 13 10:52:50 +0800 2021
我知道一定会重复,呀,Sat Mar 13 10:52:39 +0800 2021
Un1920Do,这不是老美圈钱来了吗？咱们竟然这么捧场,Sat Mar 13 10:51:16 +0800 2021
Anyuyin贝贝,了,Sat Mar 13 10:51:10 +0800 2021
Mr_爱撸铁,十一年前的片子看起来依旧震撼。。。,Sat Mar 13 11:56:22 +0800 2021
李白欧巴6,呗,Sat Mar 13 11:55:00 +0800 2021
胖胖丶酱,<a href='/n/故事和酒吉他和你'>@故事和酒吉他和你</a>,Sat Mar 13 11:42:58 +0800 2021
小akdnfkwndban号sbd,名,Sat Mar 13 11:40:59 +0800 2021
用户Polaris3673,如果再有一个电影超过你，你是不是还要重映？？？,Sat Mar 13 11:39:45 +0800 2021
用户Polaris3673,是不是玩不起？,Sat Mar 13 11:38:45 +0800 2021
阿喆不说话,是,Sat Mar 13 11:26:52 +0800 2021
娜妈0629,昨天去看了 还是特别震撼 真的是好作品经的起考验,Sat Mar 13 11:24:37 +0800 2021
这什么名,这个票房就别累计了,Sat Mar 13 11:16:26 +0800 2021
大元南荣润玉,一张票等于赚一颗子弹,Sat Mar 13 11:12:03 +0800 2021
不是许哭哭,<a href='/n/We2yuu'>@We2yuu</a> 什么时候带我去,Sat Mar 13 11:11:35 +0800 2021
moonvalen,当时已经看过好几遍imax了，啥时候能来个imax版的指环王啊,Sat Mar 13 11:09:28 +0800 2021
Na姐a,十年前和老公一起看的 那是第一次看3D电影 昨天又和老公重温了一遍  依然很好看,Sat Mar 13 11:01:06 +0800 2021
让我社交不如给我一刀,<a href='/n/疯狂在救你'>@疯狂在救你</a>,Sat Mar 13 10:56:23 +0800 2021
Gorgeouss-,<a href='/n/黄跳跳sprite-'>@黄跳跳sprite-</a> 这个,Sat Mar 13 10:53:34 +0800 2021
你们是真的马叉虫,慕洋犬,Sat Mar 13 10:50:46 +0800 2021
风衣羽影,这电影不错,Sat Mar 13 07:55:37 +0800 2021
pqwuidg,这电影不错,Sat Mar 13 07:55:36 +0800 2021
鲁湘伟熙_936,博主，再推荐些，真心喜欢,Sat Mar 13 07:55:33 +0800 2021
poqeiyiue,好喜欢的电影，谢谢推荐,Sat Mar 13 07:55:31 +0800 2021
我是小阿天吖丶,这电影不错,Sat Mar 13 07:55:31 +0800 2021
迷路月亮忘,好喜欢的电影，谢谢推荐,Sat Mar 13 07:55:30 +0800 2021
刘德麻,好喜欢的电影，谢谢推荐,Sat Mar 13 07:55:29 +0800 2021
oiwygfgwa,博主，再推荐些，真心喜欢,Sat Mar 13 07:55:29 +0800 2021
mywqog,这电影不错,Sat Mar 13 07:55:29 +0800 2021
喵喵feilove,博主，再推荐些，真心喜欢,Sat Mar 13 07:55:28 +0800 2021
妹夫wqdl,这电影不错,Sat Mar 13 08:29:40 +0800 2021
仁安徽莉莉,这电影不错,Sat Mar 13 08:29:40 +0800 2021
suetunes没安全感孩纸171769,求博主在推荐些,Sat Mar 13 08:29:40 +0800 2021
独钓寒江夜p,求博主在推荐些,Sat Mar 13 08:29:39 +0800 2021
天之龙皇_956,好喜欢的电影，谢谢推荐,Sat Mar 13 08:29:38 +0800 2021
DEAR老维__过往回忆,求博主在推荐些,Sat Mar 13 08:29:38 +0800 2021
老中医养生美容,求博主在推荐些,Sat Mar 13 08:29:38 +0800 2021
韩江骄革,博主，再推荐些，真心喜欢,Sat Mar 13 08:29:37 +0800 2021
bianmingbm,好喜欢的电影，谢谢推荐,Sat Mar 13 08:29:36 +0800 2021
关-注幸运,这电影不错,Sat Mar 13 08:29:35 +0800 2021
自恋思莼清静思,求博主在推荐些,Sat Mar 13 08:29:35 +0800 2021
妹夫xifufei,这电影不错,Sat Mar 13 08:29:34 +0800 2021
贡禹弹冠I48,求博主在推荐些,Sat Mar 13 08:29:34 +0800 2021
寳458140333,博主，再推荐些，真心喜欢,Sat Mar 13 08:29:34 +0800 2021
想小橘宝贝的每一天,好喜欢的电影，谢谢推荐,Sat Mar 13 08:29:33 +0800 2021
只一二_460,博主，再推荐些，真心喜欢,Sat Mar 13 08:29:33 +0800 2021
小风_87810,求博主在推荐些,Sat Mar 13 08:29:34 +0800 2021
倪敏Judy,好喜欢的电影，谢谢推荐,Sat Mar 13 08:29:33 +0800 2021
笨笨的哦里,求博主在推荐些,Sat Mar 13 08:29:32 +0800 2021
张敏Linda聚,求博主在推荐些,Sat Mar 13 08:29:32 +0800 2021
唯就是D_L,求博主在推荐些,Sat Mar 13 08:29:32 +0800 2021
马甲紫江_959,博主，再推荐些，真心喜欢,Sat Mar 13 08:29:32 +0800 2021
思敏去兔子洞,求博主在推荐些,Sat Mar 13 08:29:30 +0800 2021
桃花烧,好喜欢的电影，谢谢推荐,Sat Mar 13 08:29:30 +0800 2021
分寸之末3QT5Y,求博主在推荐些,Sat Mar 13 08:29:29 +0800 2021
湖光魅颖,求博主在推荐些,Sat Mar 13 08:29:30 +0800 2021
泽景文Bao辰,博主，再推荐些，真心喜欢,Sat Mar 13 08:29:30 +0800 2021
虫豸的梦想,博主，再推荐些，真心喜欢,Sat Mar 13 08:29:29 +0800 2021
果果不要太甜,我也这么觉得,Sat Mar 13 07:22:52 +0800 2021
拂袖天香2187155463_599,求博主在推荐些,Sat Mar 13 08:29:44 +0800 2021
千万不能的全部,求博主在推荐些,Sat Mar 13 08:29:43 +0800 2021
好呢人不够,这电影不错,Sat Mar 13 08:29:32 +0800 2021
生你气我都,好喜欢的电影，谢谢推荐,Sat Mar 13 08:29:30 +0800 2021
赢鑫电子商务4,这个真的好看,Sat Mar 13 07:55:29 +0800 2021
深圳·坪山国际影视文化城,2009年12月16日《阿凡达》上映，依托于强大的技术内核，丰富的剧情内容，外加巨额的宣传投资，长期霸占世界票房第一的宝座。  2021年03年12日，阿凡达重映，余威不减，再度首日票房夺冠，从上映至今为何在观众心中热度不退反曾？,Sat Mar 13 11:57:20 +0800 2021
楠木小瓜子,求博主在推荐些,Sat Mar 13 08:29:59 +0800 2021
千玺最爱的超柔床品,超级经典影片看了好几遍了,Sat Mar 13 10:55:50 +0800 2021
美食奥妙,这电影不错,Sat Mar 13 08:54:27 +0800 2021
niuniu的性格,好喜欢的电影，谢谢推荐,Sat Mar 13 09:37:45 +0800 2021
暖冰508_713,这电影不错,Sat Mar 13 09:37:45 +0800 2021
春风不识路里,好喜欢的电影，谢谢推荐,Sat Mar 13 09:37:41 +0800 2021
老巷里的狸猫,求博主在推荐些,Sat Mar 13 09:37:42 +0800 2021
封面上恋人,求博主在推荐些,Sat Mar 13 09:37:39 +0800 2021
幽然思齐欢_41217,好喜欢的电影，谢谢推荐,Sat Mar 13 09:37:39 +0800 2021
同日而论61l,博主，再推荐些，真心喜欢,Sat Mar 13 09:37:38 +0800 2021
zhronger_15886,这电影不错,Sat Mar 13 09:37:37 +0800 2021
我是花花公子王,博主，再推荐些，真心喜欢,Sat Mar 13 09:37:38 +0800 2021
hh941029,博主，再推荐些，真心喜欢,Sat Mar 13 09:37:38 +0800 2021
来年的诗词,这电影不错,Sat Mar 13 09:37:37 +0800 2021
HOTJING_974,好喜欢的电影，谢谢推荐,Sat Mar 13 09:37:36 +0800 2021
qqxx1213_a7a746,好喜欢的电影，谢谢推荐,Sat Mar 13 09:37:37 +0800 2021
myw1982,博主，再推荐些，真心喜欢,Sat Mar 13 09:37:36 +0800 2021
上勤下顺4CqXF,好喜欢的电影，谢谢推荐,Sat Mar 13 09:37:36 +0800 2021
伟权哥哥,博主，再推荐些，真心喜欢,Sat Mar 13 09:37:36 +0800 2021
wusg2_575_326_784,求博主在推荐些,Sat Mar 13 09:37:36 +0800 2021
69b6俏,好喜欢的电影，谢谢推荐,Sat Mar 13 09:37:36 +0800 2021
大大怪_43754,好喜欢的电影，谢谢推荐,Sat Mar 13 09:37:36 +0800 2021
幸运秋歌_968,求博主在推荐些,Sat Mar 13 09:37:36 +0800 2021
爱你在北京tm,博主，再推荐些，真心喜欢,Sat Mar 13 09:37:35 +0800 2021
爱你在一万tm,这电影不错,Sat Mar 13 09:37:35 +0800 2021
ylhewcwar,好喜欢的电影，谢谢推荐,Sat Mar 13 09:37:20 +0800 2021
茉莉花Mary,求博主在推荐些,Sat Mar 13 09:37:19 +0800 2021
若爱无痕vq,好喜欢的电影，谢谢推荐,Sat Mar 13 09:37:15 +0800 2021
芮竹2010,求博主在推荐些,Sat Mar 13 09:37:15 +0800 2021
lkyhdgrfwq,博主，再推荐些，真心喜欢,Sat Mar 13 09:37:15 +0800 2021
霸气帅虎,求博主在推荐些,Sat Mar 13 09:37:14 +0800 2021
爱你在六万tm,求博主在推荐些,Sat Mar 13 09:37:12 +0800 2021
期_货陈振升,求博主在推荐些,Sat Mar 13 09:37:12 +0800 2021
心情-晴-雨_443,这电影不错,Sat Mar 13 09:37:11 +0800 2021
忽略自己呀五台山_407,这电影不错,Sat Mar 13 09:37:11 +0800 2021
oimnvhydeq,求博主在推荐些,Sat Mar 13 09:37:10 +0800 2021
小心_70085,求博主在推荐些,Sat Mar 13 09:37:09 +0800 2021
ppdibeip_8f40f7,博主，再推荐些，真心喜欢,Sat Mar 13 09:37:09 +0800 2021
lnvmseqvz,求博主在推荐些,Sat Mar 13 09:37:09 +0800 2021
lhjuiymgft,求博主在推荐些,Sat Mar 13 09:37:08 +0800 2021
mowangliu,博主，再推荐些，真心喜欢,Sat Mar 13 09:37:08 +0800 2021
ww2sz_118,求博主在推荐些,Sat Mar 13 09:37:08 +0800 2021
Cngy,这电影不错,Sat Mar 13 09:37:07 +0800 2021
大气郝然,这电影不错,Sat Mar 13 09:37:08 +0800 2021
布风捉影_820,博主，再推荐些，真心喜欢,Sat Mar 13 09:37:08 +0800 2021
自在1702342632,这电影不错,Sat Mar 13 09:37:07 +0800 2021
-Junior_,博主，再推荐些，真心喜欢,Sat Mar 13 09:37:06 +0800 2021
okpuwh,好喜欢的电影，谢谢推荐,Sat Mar 13 09:37:06 +0800 2021
是但你up,好喜欢的电影，谢谢推荐,Sat Mar 13 09:37:06 +0800 2021
贾思廷0222,好喜欢的电影，谢谢推荐,Sat Mar 13 09:37:05 +0800 2021
herry88彪,好喜欢的电影，谢谢推荐,Sat Mar 13 09:37:05 +0800 2021
遗忘的倒是非,这电影不错,Sat Mar 13 09:37:04 +0800 2021
台湾撼声KTV音响专家_381,好喜欢的电影，谢谢推荐,Sat Mar 13 09:37:04 +0800 2021
丿Amor丶小雪,求博主在推荐些,Sat Mar 13 09:37:04 +0800 2021
yjionvmce,好喜欢的电影，谢谢推荐,Sat Mar 13 09:37:03 +0800 2021
裤头村11462,求博主在推荐些,Sat Mar 13 09:37:04 +0800 2021
wesdqavl,求博主在推荐些,Sat Mar 13 09:37:03 +0800 2021
曲蔚然杂在市,这电影不错,Sat Mar 13 09:37:02 +0800 2021
uilmnvehqz,好喜欢的电影，谢谢推荐,Sat Mar 13 09:37:02 +0800 2021
iushaidngs,博主，再推荐些，真心喜欢,Sat Mar 13 09:37:02 +0800 2021
北城不夏炎,这电影不错,Sat Mar 13 09:37:02 +0800 2021
雾里看光,求博主在推荐些,Sat Mar 13 09:37:01 +0800 2021
黑色地奘_162,求博主在推荐些,Sat Mar 13 09:37:01 +0800 2021
AI荣荣_12406,博主，再推荐些，真心喜欢,Sat Mar 13 09:37:02 +0800 2021
刘洁洁__,求博主在推荐些,Sat Mar 13 09:37:01 +0800 2021
我是手术刀,博主，再推荐些，真心喜欢,Sat Mar 13 09:37:01 +0800 2021
音为灬爱,这电影不错,Sat Mar 13 09:37:01 +0800 2021
暮夜寒_609,好喜欢的电影，谢谢推荐,Sat Mar 13 09:37:01 +0800 2021
molpkhf,求博主在推荐些,Sat Mar 13 09:37:00 +0800 2021
木槿暧夏秋,博主，再推荐些，真心喜欢,Sat Mar 13 09:37:00 +0800 2021
小屁屁飞翔,这个真的好看,Sat Mar 13 09:37:00 +0800 2021
fmnvcsuos,这电影不错,Sat Mar 13 09:36:59 +0800 2021
发光的瓦灯,博主，再推荐些，真心喜欢,Sat Mar 13 09:36:59 +0800 2021
西区微千万,这电影不错,Sat Mar 13 09:36:58 +0800 2021
mrzq166,这电影不错,Sat Mar 13 09:36:49 +0800 2021
泉水向西Barbara,这电影不错,Sat Mar 13 08:54:38 +0800 2021
小废是我,求博主在推荐些,Sat Mar 13 08:54:36 +0800 2021
最强小明猪,这电影不错,Sat Mar 13 08:54:33 +0800 2021
爱你在三条tm,求博主在推荐些,Sat Mar 13 08:54:32 +0800 2021
世启望沧37,求博主在推荐些,Sat Mar 13 08:54:32 +0800 2021
皮套弟弟_369_972,求博主在推荐些,Sat Mar 13 08:54:31 +0800 2021
fz04zxp,求博主在推荐些,Sat Mar 13 08:54:31 +0800 2021
安泓儿_555,博主，再推荐些，真心喜欢,Sat Mar 13 08:54:30 +0800 2021
9试芍PiQ6C往恤G淌瓢邓甘,好喜欢的电影，谢谢推荐,Sat Mar 13 08:54:30 +0800 2021
梦若客果76,好喜欢的电影，谢谢推荐,Sat Mar 13 08:54:31 +0800 2021
奋斗KJY,好喜欢的电影，谢谢推荐,Sat Mar 13 08:54:29 +0800 2021
treisyt,这电影不错,Sat Mar 13 08:54:30 +0800 2021
0nana0等待,好喜欢的电影，谢谢推荐,Sat Mar 13 08:54:29 +0800 2021
筱轩宝,这电影不错,Sat Mar 13 08:54:30 +0800 2021
bnhfdhjsd,好喜欢的电影，谢谢推荐,Sat Mar 13 08:54:30 +0800 2021
wangyanling168,博主，再推荐些，真心喜欢,Sat Mar 13 08:54:29 +0800 2021
人气妹儿将情话偷藏,好喜欢的电影，谢谢推荐,Sat Mar 13 08:54:29 +0800 2021
最佳fefefe,好喜欢的电影，谢谢推荐,Sat Mar 13 08:54:29 +0800 2021
pdsjsjsr,好喜欢的电影，谢谢推荐,Sat Mar 13 08:54:29 +0800 2021
满好619,求博主在推荐些,Sat Mar 13 08:54:29 +0800 2021
字字金言,博主，再推荐些，真心喜欢,Sat Mar 13 08:54:29 +0800 2021
阿之泉,求博主在推荐些,Sat Mar 13 08:54:29 +0800 2021
浪蝶游蜂x8A1,求博主在推荐些,Sat Mar 13 08:54:29 +0800 2021
红星闪闪轩轩2013,求博主在推荐些,Sat Mar 13 08:54:27 +0800 2021
还大矿工跌倒完了,博主，再推荐些，真心喜欢,Sat Mar 13 08:54:28 +0800 2021
Record-Experience_635,求博主在推荐些,Sat Mar 13 08:54:28 +0800 2021
鳞甲之首,好喜欢的电影，谢谢推荐,Sat Mar 13 08:54:27 +0800 2021
恍惚的小妞,博主，再推荐些，真心喜欢,Sat Mar 13 08:54:28 +0800 2021
萧烟幸铃64,求博主在推荐些,Sat Mar 13 08:54:27 +0800 2021
davidlewescn,好喜欢的电影，谢谢推荐,Sat Mar 13 08:54:27 +0800 2021
戴銘兒空中的梦想家_X,这电影不错,Sat Mar 13 08:54:26 +0800 2021
天津菲魔力,求博主在推荐些,Sat Mar 13 08:54:27 +0800 2021
飘零丶寂寞的雪,这电影不错,Sat Mar 13 08:54:27 +0800 2021
转摘怀旧也像,好喜欢的电影，谢谢推荐,Sat Mar 13 08:54:27 +0800 2021
fu美滋滋,求博主在推荐些,Sat Mar 13 08:54:27 +0800 2021
无处寄笺34,好喜欢的电影，谢谢推荐,Sat Mar 13 08:54:26 +0800 2021
芙蓉并蒂LRO,求博主在推荐些,Sat Mar 13 08:54:27 +0800 2021
悠叶轻旋_768,好喜欢的电影，谢谢推荐,Sat Mar 13 08:54:27 +0800 2021
tastylovelove,求博主在推荐些,Sat Mar 13 08:54:26 +0800 2021
初雪心情,求博主在推荐些,Sat Mar 13 08:54:27 +0800 2021
苏纳米亚,求博主在推荐些,Sat Mar 13 08:54:26 +0800 2021
依瑶迟湄_80,博主，再推荐些，真心喜欢,Sat Mar 13 08:54:26 +0800 2021
因无奈所以寂寞,好喜欢的电影，谢谢推荐,Sat Mar 13 08:54:26 +0800 2021
碧玺恋歌_298,好喜欢的电影，谢谢推荐,Sat Mar 13 08:54:26 +0800 2021
wensanroad,求博主在推荐些,Sat Mar 13 08:54:25 +0800 2021
asuiyewsd,博主，再推荐些，真心喜欢,Sat Mar 13 08:54:26 +0800 2021
召唤丶丌,求博主在推荐些,Sat Mar 13 08:54:26 +0800 2021
檬笑贰七36,求博主在推荐些,Sat Mar 13 08:54:25 +0800 2021
mpoygwiu,博主，再推荐些，真心喜欢,Sat Mar 13 08:54:25 +0800 2021
从今天开始达人,求博主在推荐些,Sat Mar 13 08:54:25 +0800 2021
bigjune_983,求博主在推荐些,Sat Mar 13 08:54:25 +0800 2021
天天向上GG_792,求博主在推荐些,Sat Mar 13 08:54:26 +0800 2021
锴相传已知禁猎,求博主在推荐些,Sat Mar 13 08:54:26 +0800 2021
uytwqjg,这电影不错,Sat Mar 13 08:54:25 +0800 2021
trsfdcjh,博主，再推荐些，真心喜欢,Sat Mar 13 08:54:24 +0800 2021
A-give,这电影不错,Sat Mar 13 08:54:24 +0800 2021
球球69_756,好喜欢的电影，谢谢推荐,Sat Mar 13 08:54:25 +0800 2021
ymdjsjws,这电影不错,Sat Mar 13 08:54:24 +0800 2021
ycliq,求博主在推荐些,Sat Mar 13 08:54:25 +0800 2021
堇颜恩很48,博主，再推荐些，真心喜欢,Sat Mar 13 08:54:24 +0800 2021
路烦青杨341,求博主在推荐些,Sat Mar 13 08:54:24 +0800 2021
xpepgrnqqnonh343,求博主在推荐些,Sat Mar 13 08:54:24 +0800 2021
小妞儿-已满十八__岁,博主，再推荐些，真心喜欢,Sat Mar 13 08:54:23 +0800 2021
高国晋_638_222,博主，再推荐些，真心喜欢,Sat Mar 13 08:54:23 +0800 2021
请别忘了我只是个女人i_500,博主，再推荐些，真心喜欢,Sat Mar 13 08:54:24 +0800 2021
