阿斯巴-甜,2星,《电影手册》回顾过去十年的电影总结说电影行业像如同驶入夜色的列车那样有种隐灭之感，在这半年的疫情冲击下，这列车也从绿皮变高铁。万众期待着诺兰能够刹住这一远去的列车，但可惜反成了加速师。在影院里的视听感受不如《1917》，能夸的就只剩口中的烧脑了，但以烧脑来夸赞一部电影，就好像美女科学家这个称呼一样，纯粹是客套话了（甚至是骂人）。想烧脑可以多做数学题，小学奥数应该就够了。观众的反应让我想起《皇帝的新衣》
眠去,3星,走神了好几次。世界灭亡这种假设，不，其实不用假设，2020年无数次你觉得世界不会更糟了，但它只会更糟。信条还活在人类自以为是的拯救里，在现实面前格外苍白。
帝月,1星,优越感满满的装逼惯犯。好莱坞最被overrated的导演没有之一。
LOOK,2星,纯高概念游戏电影，甚至连电影都算不上，就是游戏。烧脑的部分是游戏规则，你可以说这款游戏的规则设定很厉害，掌握了、洞悉了以后看这帮人折腾来折腾去挺爽。但这和一部电影好坏真的一毛钱关系都没有。
qw0aszx,2星,"就不说角色写的有多无语了（特别是反派），台词居然能写出""cold war, cold as ICE""、""if I can't have you then nobody else can""等等这种令人笑喷级别的对白，你说是汤米威叟写的我都信。同时，在人物与情感编写缩水后毫无疑问放大了视觉上面的奇观呈现，这也显现出很严重的问题：本片视觉奇观呈现效果其实很低。除去一贯诺兰的往大做外，这次很大主要建立在于时空倒转后的“倒放”，当然单纯的倒放并不能带来太大的奇观性质，所以设计了不少正逆时间同画面的场面，并且还为这些段落进行了不少的训练以及编排。然而诺兰一贯糟糕的动作戏把控设计，加上这次凌乱的剪辑，直接让呈现出来的效果一团糟，很多镜头根本没有让观众来得及去仔细辨别一正一反同屏的效果就直接跳过，让现场编排的动作彻底白费，奇观性质的呈现效果大幅度削弱……"
星随心走,1星,不管看懂多少，反正不想看第二遍，能看完一遍都需要点耐心
西帕克,3星,二刷，算是把第一遍的疑问给搞懂了。最大的概念无疑来自于100年前卢米埃尔的《拆墙》。除此外整部电影则完全是一部黑人版007。从疯子手中拯救世界，炸毁坏人巢穴，甚至勾搭大嫂，都是典型的007桥段。诺兰把整个逆转时空的题眼放在了最后男主和帕丁森的告别上。他看透了命运的安排，泪送这个未来的朋友离开，是终结，也是开始。
Muto,1星,除了经常把自己的电影神秘化（去时间性）之外，诺兰也是被影迷严重神秘化了的一位的导演。讽刺的是，他大热大卖的几部作品在叙事结构上完全没有秘密可言。在看《杀戮》的时候就在想，这不就是《盗梦空间》吗？从《致命魔术》开始，其中包括《星际穿越》和《敦刻尔克》以及《信条》在内，诺兰就一直在模仿但从未超越库布里克的偷盗故事模式：游戏开始——介绍规则——布置任务——招兵买马——执行任务——完成任务——游戏结束。因此，可以说他的电影本质上是披着科幻外衣的黑色电影：一切都是白折腾。然而诺兰却总喜欢让他的主角以为自己最终赚到了什么，于是观众也如那枚陀螺一样，在这样的套路里永恒转了下去。对比大师，就知道诺兰距离大师有多遥远。去看看《杀戮》的结尾，那才叫真正的时空逆转。
匡匡,5星,讨厌。其实，诺兰才是那个未来来的人吧？这哪是什么科幻大片，这是干燥脱水的物理论文。陷在这个钳形的叙事里，越看越悲凉，越看越绝望。时间才是终极的武器。自己才是最大的敌人。那个总把你揍得晕头转向，处处阻挠你的任务，坏掉你的好事，在你的计划里作梗的家伙，不是什么命中的小人，没准儿就是你自己！所以，把我放在如今处境里的未来那个我啊，到底要拿我干嘛？是何居心？意图何在？而帕汀森，自从加载了演技之后，就帅得分外光辉高大。以前他演什么我都觉得没演技，现在他演什么我都觉得演技牛得一批。未来的帕汀森啊，这是你干的吗？（忽略故事的无力、人物的蛋疼，在概念与技术上，我对诺兰抱持最高的敬意。他才不是自恋，而是纯粹的自虐成瘾，永远给自己课以最高的难题去攻克。
风间隼,3星,那些“顺流逆流”的战斗场面还算有趣，副作用则是破坏了对动作片最要紧的“悬念”。故事和设定借鉴《终结者》+《你的名字》，毫无新意，只是嫁接到了特工题材，把好莱坞的各种俗套更加发扬光大。你们眼中的电影大师诺兰，在我看来无非就是个在电影的末法时代玩弄诡叙的工匠罢了。ps.讨厌一切靠“duangduang”的音效强行带节奏的叙事，蠢。
扭腰客,3星,把简单问题复杂化、情感纠葛神圣化以及信息过载符号化，一直是诺兰电影的通病。再辅以胶片IMAX、波音747这种噱头，结果就是考据派闻风而来，顶礼膜拜。就单论火眼金睛，诺兰粉离虎扑上一个投篮能看出十几个假动作的懂球帝们，也还差得很远。
CyberKnight电子骑士,4星,"先写点简单观感，不涉剧透，后面再正经写影评——
1，如果把全片看做是电子游戏，那么前半部分就是新手训练，你可能会觉得比较简单，但后半段你会后悔之前没有睁大眼睛！
2，这是一个开头就已经结束，到结尾一秒钟才刚刚开始的故事！
3，伊丽莎白·德比茨基太美了！再说一遍：影片中的伊丽莎白·德比茨基太美了！
4，影片涉及了时间旅行、平行宇宙、因果律、熵增熵减、量子化等等科幻概念，但具体运用上，诺兰既不同于一般科幻片的老套与畏首畏尾，又保持了自己独特的逻辑性。乍看上去很好理解，但仔细琢磨发现很复杂，背后关系如罗网密布。比较起来，《盗梦空间》的故事就显得很线性很好懂，《信条》则是真正多线程的。
5，在情感方面不如《盗梦》和《星际》，结尾时，你可能体会不到强烈的情感冲击。但从故事和概念上说，结尾比《盗梦》复杂十倍！"
大奇特(Grinch),2星,就是《东成西就》“三花聚顶”的高概念演绎，之后在自由意志不可逆的前提下做的一个规定命题。叙事碎片化，更适合写成小说而不是影视化改编，高密度强制性向观众上课的心理，就是解释性的内容太密太直白，全都是说明书，缺少电影的造梦感和应有的戏剧张力。
文森特九六,3星,一旦牵扯所谓的高概念空想，诺兰立即丧失电影整体意识，回头看来，《敦刻尔克》像个意外。场面调度与蒙太奇构建是否称职，十多年来部部绞尽脑汁的设计把玩却依然粗暴生硬的第三幕平行剪辑说明一切，高潮戏灾难级的混乱脱缰造成一个全盘失衡的共振垮塌——只有零散的碎裂局部，动作和空间被强行捆绑整合。将最浅显的视听骗术包装成最曲折的通俗叙事，编码解码是他的原罪，其沉迷的只是煞有介事与控制欲，他无法离开好莱坞。并未看到坚持实拍带来的积极价值，物理特技十分糟糕，逆熵奇观不经意间竟形成了对实拍的某种嘲讽。华盛顿的主角融肖恩·康纳利的风流彪悍与罗杰·摩尔的优雅俏皮，却逐渐倒退为一个总是晚一步的机械的后觉者，人物让位给了扭桥，黑人邦德只出现在了末尾的车里。或许终归是成为不了大师的庸才，他在作品中痴迷的所谓科学永远是神学。
独爱人山人海,5星,"盗梦空间：N层梦境的深层解析
星际穿越：虫洞、黑洞与多维空间的探索
信条：逆转时空与量子力学
诺兰下一部：人类的起源VS宇宙大爆炸"
Stiles,3星,"就目前的观感来说，是诺兰最差。不太明白诺兰为何在敦刻尔克之后拍出这样的电影，像是在硬着头皮成全自己拍谍战片的心愿(前半段对这一类型语境的拙劣模仿导致节奏过分拖沓)，同时也抛弃了之前惯用的结构手法，使得电影本身也像是一个熵增熵减同时发生的混乱体系。当然动作戏是好看，但与此同时文戏水准真的是诺兰新低啊。不过或许可以说诺兰创造出了另一类游戏玩家式电影，一个不断复活的无名无姓者(赋予观看者命名权也即使之成为超越性的人物-所谓的""protagonist"")执行阻止邪恶大反派毁灭世界的任务，而所有npc的命运/功能似乎都一目了然。"
焚紙樓,2星,新瓶裝舊酒。本該高概念的高光卻徹底沿用舊科幻的舊敘事法，致使視覺表達樣樣都成陳腔──子彈逆行看上去不過是一顆地雷、滑翔傘逆行看上去不過是一套噴射背包、時間逆行看上去不過是另一臺TARDIS、汽車逆行看上去是……不對，就是單純的倒車（這幕蠢斃了）。而且所有人講話都在打啞謎是怎麼回事？是企圖用晦澀感給觀眾虛構出不存在的深刻，亦或只是諾大導演在彌補自己當年沒拍成謎語人的遺憾？
宋雯婷,3星,从成果上说很平庸啊，没有一个人物是成立的，人性在诺兰搭建的这个世界里似乎消弭了，这片子人跟人之间所有的动作都很虚假，比如女主一直强调儿子，船上丈夫提到儿子两次，诺兰连个焦点都没给女主，个人认为是极度糟糕的处理，因为作为观众，诺兰的技术狂欢感太强烈，沉迷解释概念，却忽视了很多不可被解释的事。对话又苍白无趣，人被处理得特别虚伪又虚弱。我觉得这个还挺糟糕的。人们去想象未来的世界科学和物理的变化，去放大外部和他者，却忘记了挖掘自身的可能性，说是本末倒置不过分吧。不过从电影精神来说，我给诺兰五星，这个世界需要勇敢的人，诺兰无疑是，李安是。这个世界上有这样的导演，本身倒是一件蛮温柔的事。
荞麦,未评分,无法打分，因为一半时间我都在睡觉……
Hashiku,5星,剪辑实在太差，150分钟卡的太紧，最后的场面着实很厉害
亵渎电影,4星,诺兰的电影作者化风格非常强，他就像是时间的管理者，这部新片依旧非常的烧脑，观影过程中看似好懂，但当五方最后那句台词一出来，故事立刻变得烧脑起来。【信条】就像一集豪华美剧的首播集，挖了一个巨大的坑，在时间里穿梭的故事线让人想到Netflix第一神剧《暗黑》，有着一样的时空悖论和错综复杂的时间线，烧脑也是源自这其中的时间线和人物身份。一部电影演完了，结果你发现这才是信条宇宙的起点。诺兰套用了007电影的模式，演员嘴里科普着科学原理，还带着诺兰标志性的英式幽默，这些台词就是解释一下关键场景所需的叙事逻辑，对观众来说就是不明觉厉的观感，而类型套路也没有时间让主角思考，叙事只是快节奏的一路往前推，能不能消化就是电影结束之后的事情了。诺兰的电影，好玩的就是解读它如何烧脑，又到了广大网友秀学识和智商优越感的时间！
张小北,3星,这是一辆没有乘客的过山车，我们透过镜头看这辆过山车翻转腾挪，但内心毫无波澜。
欢乐分裂,3星,"2.5；在「时间」主题的探索路上越走越远&偏，宛如未来和过去的镜像互照，回文叙事的结构依旧花了心思。时间的正向推进与逆序流动，更让我想及《记忆碎片》的演练模式，然而这次诺兰几乎是放弃“电影观感”，而以高强度的密集信息快速塞入观众脑海，以一种几乎是强迫症式的“炫技”让观众上了一堂颇有难度的高精尖物理课，评价分化实属正常---反正于我，并未享受到观影的乐趣。

弊端其实在系列前作中已有显现：大量科学名词的直白解释（所谓烧脑更多源于专业知识的匮乏）；动作戏的杂乱无章；人物情感的高度模式化与强行设定，夫妻戏台词浮夸，反派立足点太弱；如影随形的电子乐与强节奏倒匹配，但存在感委实过强。

或许，抛却这些高概念，压缩一下拍部谍战片更精彩。"
阿德,5星,第一遍别指望完全看懂，不二刷三刷甚至四刷，很多细节是整不明白的。整个观影体验大概就是，先被开头歌剧院大战的音响、剪辑和节奏踩点震撼，擦，这视听才是为大银幕而生，幸亏选了IMAX；然后是逆向的子弹（请脑补盗梦陀螺），大致让你理解哦这是个逆向时空的故事，再然后当正向和逆向时空同时出现，再然后各种理论出来的时候，就基本脑子跟不上诺兰了。关键影片的节奏还很快，基本没有过多的感情戏，但追车、飞机撞大楼等各种动作场面都很带感，尤其是正向和逆向的士兵同时对战的战争场面，简直看呆了，这是正放和倒放同时在一个镜头里吗？？结尾可能会为罗伯特帕丁森动情下，但其实你可能啥也没看懂。哦，对，片名TENET好懂的，正向逆向都成立。给大家的观影建议：第一遍尽量IMAX体验极致视听，观影前看看科普向评论。ps：二刷改五星。
哪吒男,3星,脑海飘过四个大字——“没 有 必 要”
吃电影的番茄,3星,感觉不是烧脑，是没有新意，主人公感觉就像Jojo黄金之风里的阿帕基，不就是能在时空里乱跑吗。。。。。。另外，三木孝浩那个《明日的我与昨日的你约会》感觉也就是这种东西。对不起，诺兰。。。。。
Lycidas,1星,70mm @DP w/ 草草 echo jakob 如果能通过所谓的逆时间线阻止诺兰拍出这部片，那就还挺好的。（看啃泥顶着一张神似韦恩斯坦的脸pua老婆真的physically repulsed
Cycble,5星,"①人类污染浪费导致未来人类无法生存，未来人类逆转回来抢占现在可以生存的世界。

②诚如灭霸掌握了响指技能，中间代理人得了癌症快要死亡，想要自杀并同时让现有人类全部陪葬当兵马俑，把现在世界拱手让给未来人类。

③主人公要做的就是一边拆除计时爆炸装置，一边让代理人妻子拖延其死亡时间，但妻子受到太多伤害上演《致命女人》戏码，主人公毫无悬念成为《拆弹专家》。

④两男主基情上演《想见你》，未来的我训练招募了你，派你回到过去引领我走向未来，我和你认识的起点，也正是你和我认识的终点。

⑤穿越时空，唯一要讲的就是，w h is w h.就是啥都改变不了，要立足当下，向前看。

⑥没有爆炸的危险没人在意，但正是这些没有爆炸的危险才是最大的威胁。

⑦是时候换个思维了，我才是故事主人公，你们都是为我服务的。"
V.Dunham,3星,诺兰如果想要成为一代宗师，最迫切的应该是先治一下厌女。
Rea,5星,宇宙大爆炸有没有可能不是增熵，而是减熵。大爆炸是一次时间逆向发生的，历史滚滚如车轮，发展到极限的结局是重新开始。而人所经历的死亡也许是一场单个体的时光倒流。
把噗,3星,俗烂的剧情，不就通关升级嘛。没有概念就是八点档大路货。
五色全味,3星,曾和朋友提及對《星際穿越》的觀感：開頭裝得像Kubrick，看到結尾才發現是陳可辛。Nolan就是如此反差萌，持續在媚俗與裝逼間左右逢源。就像《信條》這般在主題、人物、情感上皆庸俗到爛大街的電影，Nolan又一次依靠視覺奇情和故弄玄虛將你繞暈，令你讚美他很高級。「想像高級」和「自以為高級」，始終是Nolan掩飾蒼白和打造信眾的不二法門。裝逼你確實全世界第一，三顆星給視覺。
TimberNord,3星,影帝之子の面瘫演技大赏+摄影棚内景打斗集锦+俄罗斯寡头令人心酸的unrequited love+女一踩恨天高送儿子去幼稚园彰显母爱+高台跳水的自由隐喻+大型红蓝两队真人CS+男二夕阳辉耀侧颜煽情+走了几步回头没尽兴再煽一次（可能有遗漏那是因为我看睡着了小弟尽力了）
柯里昂,3星,诺兰不拍片的时候应该多看看电影、电视剧和综艺，这类强设定真的挺“俗套”也挺容易露怯的。
CMGS,5星,2个半小时的片子其实是5个小时的信息量…其他诺兰的片子你可以吃着爆米花唱着歌儿看，这片不太能这样……双时间线+同一空间的设定哪里是烧脑，脑子都要没了还差不多……不过有一说一反派和女主的塑造有点蠢……
Paco,未评分,"观众的成长也是不容忽视的变量，《信条》之于2020和《盗梦空间》之于2010一样难懂也一样好懂。所以反而觉得关键问题还是出在诺兰搭建奇观的能力衰退了，而奇观正是我们在他的语境中重要的感受所得。以往的诺兰作品，虽摆明了“理解”的必要，但真正驱动理解的动力反而更多来自“感受”，其必要性微妙且可人——是被主动认同的必要，是局部的魅力诱发着全局的赤裸。如今则是嘴上强调感受，但可感受的却变得苍白，而理解仍是明晃晃的必要，它因作为单一入口而变得迫切：支撑你去理解的不再是极具引导性的局部魅力，而更多是“诺兰作品”。这是他在场外的迈进与制霸，也是削去名片后，发生于场内的倒退。
话说回来，“不要尝试理解，感受它”本质上暗藏的分立，却也侧面说明着诺兰所不信仰的：感受可以直接达成理解。这显然就在以上语境之外了。"
黄青蕉,3星,看完出来我对象：这不就那什么，小松菜奈那个，明天的我和昨天的你谈恋爱？对象还是打篮球的哈登？完，这脑没烧起来啊诺老师（认真说哈，构思是完整的，但拍得很笨拙，就那种刚开始写硬科幻的人费老牛鼻子劲描写一万字太空舱换螺丝的笨拙，可以但没有必要。拍电影嘛，理论设想再牛逼都应该服务于观赏性，比起来盗梦空间可比这部灵动多了
舌在足矣,5星,这次诺兰和《敦刻尔克》一样，不再执着于“文以载道”，用一套花活去讲什么“爱可以穿越时空”，而是纯粹地用他所痴迷的时间把戏来对同样他所热爱的间谍类型片进行重构。而正如盲人无法理解颜色的概念，时间逆转这一太过反常理的设定无疑对影片的观感带来巨大的挑战，但诺兰巧妙的通过音乐和物理特效，成功的完成了不可能任务
内陆飞鱼,4星,还是喜欢的，极简中的极繁，经得住拉片，耐得住推敲。诺兰：我本将心向明月，奈何明月照沟渠，爆米花的世界不少我一个人，我永远不会去惯着观众，顺着他们的喜好走，达成他们的要求，我拍电影先满足个人追求，其次才去满足其他人，至于赚不赚钱，作为狮子座我相信自己的一贯品质和做工。
(_ _),3星,妈的好失望
乌鸦火堂,4星,诺兰有史以来最硬核的作品，也是最严谨最难以言状的时间旅行电影。未来救过去的故事，但没有时间机器，遵循热力学熵增定律，只不过这次玩的是熵减。如果说盗梦是梯形时空，那么信条就是“时间回路”，在同一空间内，正向和逆向两种时间线并存。通过转换，让角色逆行时间，逆向子弹，埋给过去自己的时间胶囊，正逆部队双方大战，初看一头雾水，但仔细琢磨，严苛的逻辑让人佩服的五体投地。瑞典作曲家路德维希·格瑞森的音乐超赞，电影信息量极大，二刷观感更好
朝阳北路黄圣依,3星,为了看懂这部片贡献了三张电影票，蹩脚的幽默，扭曲的情感，过大的自我，每一场的观感都很差，三星给在诺兰将一个概念很好的实现了出来，除此之外也没什么可说的了。
你们可爱的杜11,5星,你以为你看懂了50%，实际上你只看懂了5%
小念头小情绪,3星,"太失望了，最差的一部诺兰。如果一部电影只是为了讲一个物理学猜想，那它只是《走近科学》，蹩脚的故事，蹩脚的人物，蹩脚的情感，看得我满头问号？故事完整性甚至不如《终结者》。"
蜉蝣,3星,看完零点场又去看早场，实在太失望了。摆好了凌驾观众的姿态之后，却充分暴露了诺兰只能用高密度台词解释高概念、戏与戏衔接节奏太赶的弱项，以背离基本叙事为前提，不顾连带的更多外部逻辑和因果漏洞，这才促成了所谓的烧脑和看不懂。在跟歌剧院观众一样被前两场戏催眠在座椅上之后，看到的却是视觉和动作的设计还不如普通间谍片，反派夫妇傻得可笑，技术被用于大量无效的场景。我做好了看不懂的准备，没想到越剖析越发现是空的。
明安,3星,怎么讲，理解剧情确实要废一些脑子，但问题是，整部电影里没有一个人物可以让我 care enough to 动脑子……
维城乱马,4星,诺兰的片子有个最大好处是配乐足够恢弘磅礴，只要音量开得足够大，我就可以听不到周围的那几条观众评论音轨～
李小丢,4星,还是值得一看，不过抛开看似花哨的理论，男主可真是诺兰电影历史上最单薄最工具人的主角了，看了两个多小时以后，观众对他的性格、行为动机、世界观等还是一无所知。他无爱无恨，无欲无求，甚至没有过犹豫，彷徨和疲惫，对一切都很笃定，身上没有一点儿人味儿，就像是粗暴的天降黑人上帝，只有他能拯救全人类于水火。他拯救白人妇女和儿童，还有白人嫩牛五方兄弟为他两肋插刀。他拳打俄国恶棍，脚踢印巴军火商。很政治正确，正确到有点高级黑的地步。
bwsowo,5星,看完后，本来坐下楼的电梯，结果坐反了，
踢迩达,3星,其实是失望的：结构上没有做出大回文的流畅和惊艳，人物上想看帕丁森和主角的关系再深挖深挖，造型上时间的逆转没有空间的折叠那么直观明了，不是观众没看懂是导演真的没讲清楚，完成度和《盗梦空间》没法比。最后打光师可能不太会给非裔演员打光，好多处都努力试图看清男主的表情。奥斯陆自由港那场戏不错。
浪迹天涯的柚子,5星,"我总觉得罗伯特帕丁森那句“我们开头见”，是让我二刷的意思……
在过去经历宿命般的结局，在未来发现我们故事的开始
see you in the beginning 
什么浪漫的情话啊"
嘟嘟熊之父,3星,相信祖父悖论的人该如何进入这部电影？只靠一句what happened has happened这样的临别箴言？我不相信人的意志选择不会因对未来的参透而发生动摇，《降临》其实已经讨论过这件事了。诺兰不应该只醉心于物理学，也须花点时间选修一门心理学。
水怪,5星,犹如坐进了一堂各项细节都极为缜密的诺兰物理速成班，且相较于盗梦和星际更为高阶，很难相信能有观众一遍就能完全理清时间线路。逆向与正向世界交错的视听体验足够新奇。天选之子的反派塑造得更为丰满，救世男主则略微单薄（续集可填充），而屡次以电影救世的诺兰则越来越像是亮明了其未来人的真身。
LORENZO 洛伦佐,4星,"荒谬之下你我在最美的时候相遇。正反双打拍的很妙，但毕竟是悖论，逻辑上无法自恰于是从头到尾都在突突突，文戏寡淡，女主那么多戏份比不过帕丁森的一个回眸。可能是今年院线商业片之光了。*乱世拜信条* 

A：最好的时光遇见你
                                    你见遇光时的好最：B"
陆支羽,4星,4.0。1.这可能真的是诺兰有史以来最难解读的一部电影；从一刷的懵懵懂懂，到二刷的似有所悟，再到三刷的醍醐灌顶，诺兰再次用实力证明，他在时空概念上的攀越让他无愧为遥望巅峰的造梦者。2.这绝非《盗梦空间》的穿越式延续，而更是《记忆碎片》的交织式延宕，正叙倒叙+正向逆向，繁复并进又首尾勾连，如片名TENET形成命脉交融的套环。3.男主通过红蓝传送门进入逆时空那一刻的“风鸟水船”的奇观，相比以往诺兰电影中的华丽造境，有着更为细密的血涌与呼吸。4.帕丁森对男主的那场遗愿般的告别，是全片最为触动心扉的时刻。
张天翼,3星,“去感受”，感受啥啊请问？！
三十,3星,我觉得失望是来自于你终于发现诺兰很难再达到《盗梦》时期的天才级创意执行，有很多地方让人感觉概念有余，劲道不足。这场一如既往风味的诺兰式致命魔术很难让人拍手称快，甚至反而有点令人坐如针毡。
王大盆,3星,虽然我从最后1小时就看不懂了但我也决定再也不尝试弄懂它。不思考不好奇不关注，看完就忘，不惯诺兰的臭毛病。
会打呼噜的猪,3星,"寒风晓日映沙滩，日影沙滩竹报安。
安报竹滩沙映日，滩沙映日晓风寒。
       这叫回文诗，这样的诗我们有好多。诺兰导演你喜欢吗？"
frozenmoon,3星,最棒的部分是音乐。很多细节、台词和动作有一种莫名其妙想幽默但又没成功的囧劲儿。诺兰算是拥有斯德哥尔摩综合征影迷最多的导演了吧？
萨库拉,3星,概念不新鲜，刘慈欣的《坍缩》已经写过，呈现出来也并不惊艳，因为概念只是被利用来营造视觉奇观，烘托商业场面。最要命的是人物和人物关系也很无聊，如果说《盗梦》和《星际》还有强烈的情感内核，这个片子的主角完全就是个工具人。不太喜欢创作者带着一种智力上的优越感，观众走出电影院，你看懂的程度是985，我看懂的程度是211，他写了篇分析长文智商Top2，这不是看电影，这是高考之后的对答案。
放猪之刃,5星,不用害怕看过《TENET》的人跟你剧透，因为他们也不知道该和你剧透些啥。
PREP,4星,我虽然没看懂但我绝对不能打三星
鬼腳七,4星,非常诺兰，非常符合粉丝口味。在一个复杂逻辑下讲述的逆熵故事，而且诺兰仍然拒绝解释，观影门槛比以往更高 ，甚至于它根本不烧脑，而是颜面暴击直接把你锤懵。在表故事的单纯和里故事的晦涩之间，诺兰找到了足够的空间来放那些奇观化的动作戏，顺便嘲讽观众“看不懂就睡一觉”，挺欢乐的。（配乐加分（德比茨基的头身比真的吓人
夏小時,2星,时间逆行的概念本身不新，烧脑的是不讲人话的表达方式。诺兰为了炫技牺牲了故事和人物，观影体验非常差。老套的拯救世界的故事，但没有一个角色有足够的驱动力，都只是在模板化地跑剧情，唯一动机有说服力的竟然还是反派。本质动作片，可动作戏不太行，混音太吵，节奏也很闷，没有转折和高潮，两个半小时很疲惫，一直在看表。一刷能大致懂诺兰的叙事目的，我也相信他的故事一定能逻辑自洽，N刷可以理清时间线和细节，但一刷的观影快感太低了，完全支撑不起我N刷的欲望。个人来说，我觉得是诺兰电影里拍得最差的一部。
brennteiskalt,1星,诺兰在反人类的“Tenet”中展现出他的技术霸权主义倾向。这种机械性的思维首先体现在他对时间的天真理解上。自柏格森以来我们就知道，空间化了的时间并不是真正的时间，而诺兰似乎只知道用逆转了的动作来展现时间的倒流，他大力打造的特效运动于是实则取消了电影的每一丝时间性。二是他机械性地拼凑着他的叙事体，却对叙述这一最为时间性的动作视若无睹。只顾填鸭式地甩出一个个细节性的名词，却连基本的叙事原则都完全放弃。这也正是他第三个机械性的地方：无论这一套时空规则在物理学上看上去有多么精致，在时间与人类交接的哲学问题上他却较以往更加苍白。时间颠倒而产生的逻辑问题以及因果倒置后对顺时生活的人类有什么影响，他丝毫不感兴趣。这一切不由得让我祈祷，有朝一日科学家真的研究出颠倒时空的技术之后，坐在按钮后面的千万不要是诺兰本人
药师,3星,最大的亮点不是场面和概念，而是罗伯特·帕丁森最后一分钟的古龙时刻——在《敦刻尔克》的结尾，汤姆·哈迪烧飞机也是同样的古龙时刻，看到那种潇洒会让人觉得生活里的琐碎一文不值，但又仿佛照镜子般看见自己的狼狈。整个一百五十分钟，有感情的就这一分钟。
e|理智型神经病,未评分,"诺兰用电影告诉你服用LSD的感觉。
TENET不应该直译为“信条”，看完你会觉得这片应该叫”天呐天” lol
@cgv明洞"
alain.proust,2星,就，毕生致力于全民物理通识教育事业的科普作家刘慈欣老师都写不出这样毫无感染力的故事来。
节拍器,5星,从敦克尔克开始诺兰搞男同性恋越发纯熟了
徐若风,3星,3.5  给诺兰三星，其实就是零分了。一部他序列中倒数的作品，又或许是时候重新审视他一直以来是否都被“过度神话”。与其说“烧脑”，其实是“绕脑”，把概念、情节线索强行复杂化却又一直只在表层兜圈子，最终出来的效果就是异常割裂式、景观运动表象式的呈现。科幻电影中的“时间之谜”，令人着迷的其实是谜面建构过程中对“人之所以为人”的反观（如《降临》）。而诺兰在这部电影中所做的，如同帕丁森的角色一般，早已得知谜底后不断在时间逆流里往回揭露，但却困顿在了自己给自己设下的谜面中，全然失去了以往的精巧、偶尔闪现的诗意。不得不吐槽黑帮总裁与贵妇这条支线，写得令人窒息——以往在电影院看诺兰能感受到的些许震撼，这次变成了尴尬得震撼。
寒枝雀静,3星,"D / 回家路上问了自己三个问题：
①这150分钟里除了五方之外有没有任何一个值得记住的镜头或者任何一刻力量感的显露？答案是没有，所以为了五方加一星。
②难看的动作戏倒放一遍会不会变好看？答案是依然不会好看靴靴。
③诺兰自己信不信“不要试图理解它，去感受它”？我觉得他在最后时刻嗑两个男主的CP时应该是信的。
几乎在用每一分钟告诉你：我导演能力有多差，我的视听与文本如何脱节，我的叙事如何没有节奏感，我的人物如何干瘪空余耍酷的姿态，我的概念如何只能以最机械的方式推进展开。
全片就是：捉，襟，见，肘，四个大字。"
十二辰,5星,人类最大的想象力，不过是对空间和时间的玩弄。但借由影像在这种贫乏又不可捉摸的想象力里开出具象的花，不得不尖叫着呐喊一句：我的诺神又回来了！！！
室内滂沱,5星,在“时间倒流该多好”的一年，看了这么一部时间痛痛快快倒流的电影，可以说是获得了今年最大的安慰，再一细想，过去最好的梦几乎都是诺兰给的。剪辑师和配乐都换了人，直观感受与从前的诺兰都不一样，终于等到他大规模改变自己语法的一天，也是他至今最阳刚的电影，各种军事装备，肌肉卡车，俄国恶汉，正邪双方的对立十分直爽，没有他过去的“不可靠叙事”。与此同时主角还是盗画的“雅贼”，跨国执行任务顺带展现多国旖旎风光，从最流行的动作片模式里找全新的玩法，诺兰但凡想拍哪个类型，都是奔着“超越”而去。《记忆碎片》的倒转时光，《致命魔术》的“恢复原样”，如果世界是正的，我偏要倒着走，在我决定正着走时，全世界都是我的逆流——诺兰的主角喜欢俯瞰大多数人按部就班的生活，他的反叛性比片中配乐和种种大爆炸还要提气。必须影院看。
桑德,2星,疲了
邓安庆,未评分,只能算看过，好比小时候看了一眼奥数题，然后交了一张白卷给老师。
九只苍蝇撞墙,1星,即使在诺兰自己的作品里也可以称的上是最蠢了。想想雷乃和罗伯格里耶如何在60年前的马里安巴德以轻盈飘逸的姿态在同一个空间里于过去、现在和未来之间往复无痕穿梭，所谓的“信条”真是笨得像铁杵绣花。在“时间-影像”的最后一章德勒兹认为只有反吸引力和非信息化的电影才能在未来生存下去。从这个角度看，一向标榜自己爱电影胶片的诺兰是在用脱轨的吸引力奇观和狂乱堆积的信息为电影掘了一个自我毁灭的大坑。无限趋近于零蛋的两个小时观影体验。
JIN,5星,土澳提前场，社交隔离的影厅终于看到近半年最多的观众 #感谢诺神重振大荧幕# 惊艳MIND-BLOWING！凌厉谍战+轰鸣煽动配乐中迅速构建全新世界观，又悄悄埋下多重伏笔，正反序飙车搏斗戏神奇同框，高潮大战顺逆双向时空交织逆转，瞠目结舌！最终首尾连成完美闭环，一如片名回文TENET，双男主友谊的起点又是终点，重逢亦永别。叹服于诺兰竟能把时间熵逆、祖父悖论等概念如此创新演绎！主演们表现精彩，肯尼爵秀满口音技的莎剧式反派太有魅力。艺指摄影剪辑配乐特效俱佳，奥斯卡级别品质保证！
幻龙炎,5星,能不能麻烦诺导把2020年倒回头重拍一遍先？
#晚不安#,2星,不好看。不喜欢。诺兰似乎抛弃了自己的“传统美德”，即在构建精密的结构之余，让观众能够充分理解；而却放大了自己的弱项，堆砌冗长且粗野的动作戏。情感内核其实跟所有涉及时间旅行的电影并无二致，只是冒进的节奏和聒噪的配乐没有给到任何喘息的空间。撑过整整前半部，才看到一点点正逆向对决的惊喜，哪还有心气和脑力去钻研每一处细节。——一个事实是，没有什么电影必须看第二遍，诺兰的作品也不例外。诚然，卢米埃尔的《拆墙》(1896)之后，《信条》就不再有令人惊奇的理由。
mirai,3星,看完电影出来下楼差点走了上行的电梯🙃
开开,4星,你要真让我说最直观的感受：帕丁森他妈的帅疯了。最后一幕我竟然看出了一种《大话西游》结尾的感觉，《一生所爱》放这儿毫不违和
一只拖鞋,5星,"诺兰：“有关。”
记者：“请问这部电影和时间穿越有关吗？”"
白月,3星,诺兰的信条，就像李安的双子杀手，亲手拍出自己导演最不好看的电影。一个纯粹用台词堆砌起来的故事，如果消音，观众能够得到的信息量几乎为零。这点在盗梦空间当年上映之后就一直被业界批评，看来诺兰是听都不想听，还把缺点放更大了。所谓的七国取景，全是些家门口就能找到的地方；所谓阻止第三次世界大战，看起来也像普通间谍事件般小打小闹。因为保密演员无法阅读完整剧本，以致许多人表演时只是单纯念台词，自己也不明白到底什么意思。
巨米雨,4星,这片绝了，一边倒车一边加速。
Evarnold,3星,。己自了估高也，众观了估高兰诺
尔尔马,5星,"罗素兄弟：不能让别人看真剧本防剧透。
诺兰：人手一本啊！大甩卖啊！看懂算我输啊！"
影志,4星,不是一遍能看懂的一部诺兰，但也是在视觉呈现、叙事结构上再赋新意、再造巅峰的一部。从来只有单讲时间逆转和时空穿越的，却从来没有在一个画面里把正向和逆向时间同时呈现的。它如《盗梦空间》的那个折叠城市，首尾完美张合，开头即结局。最后一场大战，将为IMAX观影带来前所未有、目瞪口呆的银幕体验。两男主的相遇，勘为一道恍如隔世的弧光，泪目。看完《信条》你会产生一个这样的念头：诺兰所有的作品，将以《信条》为中心，形成过去和未来的完美交互。它是一个圆点和轴心，也是导演对自己创作理念的终极倒放和正反打。（就不用担心评论剧透了，想剧透可能都无从下手…
翻滚吧！蛋堡,4星,“别去试图理解它，去感受它。”真的被诺兰逼疯了，感觉智商完全下线。和他之前任何一部电影体验都不一样，不是简单玩技术或结构，你必须完全进入到逆世界的设定里，看他把扭转时空和悖论的东西在缜密逻辑和高速爆炸的信息组合后进一步复杂化。第一遍基本只能看看视觉奇观和故事脉络，待多刷后再尝试理清逻辑吧。
陀螺凡达可,4星,诺兰在新片中又玩了一次“魔术三步骤”，把视觉奇观和超高速的叙事节奏作为障眼法，掩藏住了那些本该显而易见的伏笔，到了后半程才逐一揭晓。看完电影才发现片名的精妙之处，整个叙事结构也是TENET式的，这个太妙了。整体类似于《盗梦空间》，用007、碟中谍式的间谍动作类型元素为“量子逆转”的科幻概念做框架，至今仍然高度保密的全片高潮戏我是张着嘴看完的。
桃桃林林,4星,就像《盗梦空间》用多重梦境重构侠盗片，信条》则以时间逆转的方式赋予特工片新的可能。其实回头看，剧情并不特别复杂，包括矛盾构成也很常见。但引入时空逆转概念之后，结构上的花样就更多了，会有意误导观众，就有意思了。此外，本片是典型的高密度叙事，信息量极大，剪辑又很跳，这种强叙事密度，让观众一开始完全没时间去思考和理清思路，所以才会觉得难懂。而最后，影片又一次注入情感元素，煽情一把，也是很诺兰了。另外，帕丁森、华盛顿、德比齐的表演，也为本片增色不少。喜欢这种实拍的硬，是特效无法带来的体验。
无耻不混蛋,3星,150分钟的电影，前面至少120分钟都挺无聊且沉闷的。不要因为是诺兰，就豪吹，跟看不看得懂没有任何关系，电影不好看就是不好看。埋再多的所谓“暗叙事”、玩再多的结构与技巧，也依旧不好看。在我看来，呈现出来的效果，跟李安的《双子杀手》几乎一样。人物都是工具人，看上去不明则厉，实则无趣。影片全程去掉配音，试试看，你就知道有多失望。
Liefmans,未评分,我不配给这个电影打分 真的 我连影评也没看懂
同志亦凡人中文站,4星,大！脑！在！燃！烧！时间的顺流和逆流都不稀奇，但把顺流逆流放在一起组成时间的咬合状态并利用之——这就是诺兰牛X的地方了。太多隐藏在细节中的魔鬼，就像一场信息量的核爆，想说剧本写得这么繁复究竟有没有必要？（我看电影不是为了爆炒脑花啊魂淡）
木由,5星,看别人的科幻片发现逻辑不通的我：“辣鸡编剧辣鸡导演全是漏洞。”看诺兰的科幻片发现逻辑不通的我：“不行不行我脑子都烧坏了等等我得再看一遍。”
Nick,5星,越看越觉得整个电影做到片名T-E-N-E-T的结构，真是太牛逼了。也懂了为啥选德比齐做女主 - 坐在后座，伸腿能打开方向盘旁的车门锁，纵观好莱坞女星也只有190的身高可以了......
朝暮雪,5星,"对尼尔来说他已经认识男主角很久了，但对男主角来说他才刚认识尼尔。
对尼尔来说他们的友情已经走到了终点，但对男主角来说这是他们的友情的起点。
尼尔在基辅歌剧院救了男主角一次，在自由港阻止他杀了另一个自己，最后又将他拉出了基地。
不仅如此，等会儿他还要再次进入旋转门。
这一次他进入旋转门的时候，看不到窗户另一边的自己走进旋转门，因为他这次必死无疑。
但他还是进入了旋转门，帮男主角撬开了基地的门，并且为男主角挡了一枪，然后壮烈牺牲。
尼尔来自未来，这也意味着现在尼尔还是一个小孩子，很可能就是凯瑟琳的儿子。
他要先长大成人，长大后被男主角招募，进入旋转门，然后回到基辅歌剧院爆炸那天见到男主角。
他独自在逆时间中生活几十年，然而才陪伴男主角短短几十天的时间就要为他挡子弹而牺牲。
而且结局早已注定，不能改变。"
鲸鱼君,4星,当年影迷们为《盗梦空间》冠以的“烧脑片”同样适用于此。在这部电影里，当下的时间和逆行的时间在同一个空间里相遇，就像两股不同方向的河流，彼此看对方都是相反的，时间成了一个事物自身的属性，一旦汇聚必然倒行逆施。所以，电影呈现出一幕幕奇妙的状态：原本成为碎片的楼房瞬间复原，但又一次被炸毁；子弹从弹孔弹回到枪膛里，同样具有杀伤力；当下的自己在跟过去的自己打架，而那个过去的自己的动作还是反过来的。这种感觉就像当年看到城市翻转折叠一样，是相当新奇的。九国取景，场景分外眼花缭乱，枪战动作戏让视觉效果丰厚起来，忽大忽小的另类音乐更是大加分。建议看完后再看一遍，不然真的有可能会绕蒙。
羚羊的灵魂,3星,愈发能感觉出诺兰是一个很自恋的导演，且时刻散发着优越感（没错，他狮子座，这导致他掉进了自己的逻辑怪圈无法自拔。他不是用多好的故事征服你，而是用自己超凡脱俗的逻辑能力绕晕你，甚至让我萌生出被他踩在脚下的压迫感。他之前的几部同类型“烧脑”片其实还有所收敛，这一部就有点放飞自我了，通俗地说，对我等凡夫俗子太不友好了。是的，他的逻辑能力满分，我很佩服且自愧不如，但是我没办法从中感受到看电影的乐趣了，而是倍感折磨，因为我更像是在参加物理竞赛。他没有试图和观众平等的交流和沟通，而是冷冰冰的把这些庞大的信息量拍在了银幕上，你还没嚼透上一句话，下一句话又紧跟塞了进来。所以最后我带着一肚子问号走出影院的时候，我不禁感叹，做个观众太难了，这道题我不会。当然，如果你喜欢被虐，那你会喜欢这部电影的。
Cheng,2星,无聊到根本不想去深究。
店长,3星,"将相悖流动的时间落实到每个动作细节上，执行起来确实是有相当大难度的，因为观众们就像是落水后需要稻草一样，每场戏都需要一个或多个“标志”/锚，来定位和理解他们眼前正在发生的两组动作。弹痕和同时倒塌又重组的楼，是非常出彩的两处视觉呈现，但大多数时间，观众可能就无措地迷失在顺逆时间线的夹缝里。
所以，不是《信条》的概念难懂，而是影片既无力又傲慢，没能把复杂的机制转译成有效的电影语言。最有意思的是，除了高概念本身，《信条》还用大量跳切、响得盖过对话的混音、特工片部分不明晰的行动路径和人物关系网，以及不说人话对很多事情好像懒得解释的角色们，进一步拉远了和观众的距离。
而当诺兰最拿手的奇观和动作设计没能达到最佳效果，他作品里惯有的情感空洞就暴露了出来。诺兰或许真的不懂人心，他也很明显地不再对人类有兴趣。"
HarperYug,3星,比信条更难懂的，是信条的短评。
后自愈,3星,和《盗梦空间》一样依然在拍「概念」，只不过放大了缺点，只有「概念」在卖弄，没有其他。就故事本身而言太平庸了，后半段还有些拉垮，全程靠密集的台词撑下去，而且台词写的太糟糕，剪辑师换了之后水平也大大降低，打戏基本没有看清楚的时候。有时候那些简单的比复杂炫技的动人多了。
one,2星,"《信条》零点首映场，提前做了些物理学功课，准备一轮头脑风暴。
30分钟：认真，不能错过任何细节
45分钟：我还可以，试图理解它
60分钟：试图感受它
75分钟：？？
90分钟：有点犯困
100分钟：周围人开始陆续看时间，有人离场
120分钟：坚持，我是要看到结局的人
135分钟：这女的和他丈夫的爱恨情仇还没演完？
150分钟：看来我不在诺兰挑选的观众名单里

综述：尽管承认智商受到了碾压，但是这样无聊的故事加上支离破碎的剪辑，丝毫不能让我感受到影片的逼格在哪里，逆转时空的脑洞也救不了它啊！如果《盗梦空间》和《星际穿越》是给我们这些“低端观众”最后机会的话，那么通过《信条》可以看出，诺兰这次是彻底不和我们玩了！可是，这么任性有必要吗🙄"
Enlightening,3星,《信条》汇集了诺兰创作生涯中大部分作品的劣势，而非各自的优点——对绝对理性的叙事追求吞没了影片的情感驱动力；时间作为技术控制甚至奴役着人物，无力的后者仅能对此作出消极的反应，正如诺兰电影中向来被剥夺话语权的观众。如果说正向时间中的运动是发散状的，那么逆向运动则有着“收束”的倾向，作为影片高潮的废墟城之战同样遵循着收束结构，这让“最后一分钟营救”的蒙太奇语法变得出奇困扰——它试图建造一个时间迷宫，却使观众与银幕人物间建立认同之关键的视点迷失其中。除了剧组花重金购买（我仍没有想出其必要性）的飞机撞击仓库之外，影片实际上没有真正的现代意义上的奇观，因为所有的逆向动作在数字电影诞生前便能完成。由此，作为好莱坞帝国殖民者的诺兰无意间消解了他自己擅长的话语，《信条》不幸地落入技术主义的limbo当中。
森加,5星,主人公（黑人）经历了影片结尾的大战，创建了“信条”组织，招募了尼尔。尼尔就是成年后的马克思，凯特是他的妈妈，萨特是他的爸爸。为了对抗萨特毁灭世界，主人公派尼尔回到过去训练自己对抗萨特，尼尔在影片开头的歌舞剧院救了过去的主人公，最终在影片结尾替主人公挡子弹死亡。不管是过去还是未来，两人的初识便是结束，泪目。
rivert,1星,你以为你打的是五星，其实暴露了不足的智商和审美
琴  酒,3星,还挺摩登的？因果，自由意志与时间的关系。时间可以是非线性的，但意识仍然是。其略微宿命感的地方来于每一个此刻都是正向和逆向时间的汇聚，但对于意识来讲，进入旋转门前和进入旋转门后的世界却有一个先后的线性关系，主体也是一个拥有记忆同一性的主体。这种设定一方面让时空必须闭合，不然会出逻辑悖论（祖父悖论），一方面又让人很怀疑是否能闭合，毕竟主体是线性而拥有记忆的。石头门的平行世界设定就来自于考虑到这个问题，这里就舍弃了后者。两次出现的我是protagonist台词让这个片余味很差。
小岩井,3星,诺兰沉浸在自己的世界不可自拔，信徒们沉浸在迷信诺兰的刻奇中不可自拔。作为一部电影不好看就是原罪，至于你觉得自己看出了宇宙真谛物理奇观，我佩服你的自我催眠能力。对自己诚实一点好吗？又不是做高数，有什么难懂不难懂的！？
方枪枪,4星,乍一看，嗯，就这么回事；仔细再一想，艾玛，脑壳疼... ...
塔塔君Minkun,3星,需要承认的是，这个片卡了一个不难理解、但是落实到实际情况我需要花几分钟脑内演示的概念，于是成了谜语人片。我对诺兰最无感的是，在某个类型（SF也好战争也好），他最缜密的是制造过于理性的奇观，以及最卖座的要素，但即使是奇观并没有在类型上有多出格，而浪漫的余味也不怎么触及该类型的内核，只是一个外套，以至于并没有回味的欲望。《信条》其中一星给诺兰终于有那么一分钟，让这个SF的内核释放该有的浪漫，就好像工科生终于拍出了一分钟的文科情节一样。
成知默,3星,诺兰居然在正向/逆向时间的概念下讲了一个如此乏味而老套的故事，“拯救世界”的剧情设定与人物都很贫瘠苍白，所谓的时间线懂不懂并不影响理解这个故事，或者，诺兰只是意图用所谓复杂难懂的时间线掩盖故事的贫乏。以及，诺兰在配乐参与叙事的路上越走越远了，震得我心脏病要犯了......
豆友188615668,1星,美国只会拍科幻片，难看死啦！
yuan,2星,诺兰“科幻神作”配方：高深的科幻/物理理论+过度剪辑+保守的精神内核。
cawa,2星,我覺得Neil是個深情的角色，如果主視角在他身上，就可以卸掉敘事障眼法，成為在長時間逆行和反覆順流逆流間，更單純而深情地對信念的考驗，決定著過去和未來，我猜這樣我會更喜歡這部片（但這樣或許是葛雷的電影，而不會是諾蘭的電影，拜託人家沒有要搞BL）；因為是諾蘭的電影，所以仍是一個剪接太快＋敘事和各種障眼法來呼嚨人的電影，以及仍是一個提出有趣概念和影像嘗試，卻又只會不斷重覆（在這片是折返）、加大場面，不對概念加深擴展或製造意外動搖的主題簡單電影，而且這次的場面奇觀（飛機「緩步」撞倉庫、突襲劇院、大卡車包夾、烏克蘭戰鬥都無血無傷亡，技法平淡樸素……是要看什麼）與情感推展（Kat和任何人的感情戲都是不成立的）都特別失敗。我始終覺得熱愛諜報片的諾蘭，這片是不是在黑諜報片？
𝐂𝐚𝐫𝐨𝐥,5星,很难看懂，但真正看懂的人会发现这是诺兰目前水平最高的作品。
安德烈大叔,3星,诺兰最不值得一提的作品。
cbvivi,4星,我保护世界，我保护你
杨殳,2星,烧的可能是导演自己的脑。能不能时空逆转一下退我票钱。
JeanChristophe,1星,"既往无法改变,当下流驶不停,将来始终悬置,时间的任意一面都宣示着它是绝对的他者,不可能被掌控或敉平;人与时间的遭遇注定是悲剧性的.诺兰显然不愿承认这一点,他要用梦境空间去拉伸它,用永恒之""爱""去穿过它,用传送门去逆转它,把非-是者的时间化改造为上手用具在计量控制下的精确工作,空间化而由用户共享.""钟表杀死时间"",故片中被计时器一再摆布的无非是时间的尸体;一阵乒乒乓乓之后,主人公们终究从世俗的""人""变成了玩弄时间的全知主宰者,连死亡都成了必定可被筹划的东西,这是《复仇者联盟:终局之战》式的渎神之举."
spondee,3星,(肯尼斯布萊納的馬景濤式演法Orz)這對奇異的怨偶組合才令我感覺燒腦……
托尼·王大拿,3星,概念本身足够颠覆，对“时间”的探索仍在继续，只是没想到有生之年诺兰先生能拍出这种完全用“奇观”去遮丑的电影。
花地,未评分,不是拍给人看的电影，可能二刷的行为本身就是进入“红蓝房子”进行钳形运动的过程——我们带着“已知/未来”的经历，回到“未知/过去”的时间。一场对电影本体的实验。
Peter Cat,2星,基本就是诺兰自娱自乐吧，后半段就像是在看一个民科滔滔不绝向你解释他的宇宙体系，但台下却鲜有人care，但也有那么一刻，会被这个民科执着向学的精神所鼓舞，毕竟错误的逆行同样是世界向前重要的进程。看完想了想，情不自禁会重看的永远是打动了自己的电影——要是电影是能看懂的，可能也没啥必要拍出来了。
ㅠ,4星,我看到不少蓝军的群众演员在原地蹦跳，太磨洋工打酱油了！
古尔齐亚,5星,奥迪的刹车性能真不错，我着实有被安利到！
Derridager,未评分,能不能把我的票钱退给我
芦哲峰,4星,结构重于故事，理念大于情感。整体而言，就很诺兰。阴阳一世界，正反两时空。正者道之行，反者道之动。都在玩时空穿越，只有诺兰想到要反过来，这就是诺兰的聪明之处。
Ou,1星,"诺兰式奇幻：所有子弹都有发射的理由，所有特工都有正当的使命，所有星际航行都可以回来，更进一步地，所有看过的电影都是有意义的。没了《星际穿越》的书房和玉米地，没了《敦刻尔克》的海滩，这一切都是凌空虚蹈，从二手素材里面拼凑一个整体。Super 8和Gemini Man的致敬是为了打开新的感知，Nolan则是为了回到熟悉的山谷，把Bourne系列打碎的东西重新粘合。没了陀螺的提醒，Tenet只是硬化的名词，而不是Inception这样一个动作。
另外，关于钳形运动，推荐一部短片Pièce touchée (1989)。"
Bono,3星,能把复杂问题和情感简单化普世化称之为大师，把简单问题和情感复杂化玄虚化只能称之为神棍，过去看每部诺兰电影的感觉都是卧槽牛逼，但都又不喜欢，现在终于明白为什么不喜欢这个导演了，就跟看神棍的感觉是一样的。先靠逻辑自洽的戏法给你糊弄一愣，回头寻思过味，这都哪儿跟哪儿啊。
callmewhite,4星,"场映首 忆记郊东 4.9.0202 
秀优上不称但，才精够足
尾结即头开
！验体听视的有未所前是的来带XAMI
现呈时同里面画个一在间时的向逆和向正
！撼震当相
😅了懂看能才遍一放倒要在现影电的兰诺"
godannar,3星,诺兰还是那个诺兰，只知结构美而不知结构为何而美，建议找几个帮派分子把他给绑了，用枪顶他脑门上逼他即兴用六七十年代黑人音乐为主题拍部片子，也许可救。
JeffLivorno,1星,信息过载到毫无兴趣去“看懂”
猫奴十二年,3星,诺兰变成彻底的形式主义者了？看不看得懂都是其次，而且除了顺时逆时的转换有点头大，其他没什么看不懂的，关键是，讲清楚故事是最起码的吧？要是啥片子都要二刷才看明白，那咋不拍个上下集？一样赚两趟钱啊。
字母君,2星,"沉溺于建造复杂的高楼，概念的影像化却很失败，大量解释性台词让文戏变成了枯燥的讲座，半途被重构的老旧间谍片骨架竟成了唯一的亮点。诺兰电影中的奇观往往并不是来自于他对实物实拍和胶片摄影的执念，而是剪辑、配乐，使他的执念显得更像某种暴发户思维，这似乎也是一个悖论。人物情感上的问题则更加严重，诺兰对此几乎是明知故犯，除了完全站不住脚的反派动机和直接自称“主人公”的主角，这一点在面目模糊、甚至没有台词的孩子角色身上体现得更加明显。肯尼斯布拉纳莎剧式的过火表演在没有情感支撑的情况下简直是来搞笑的，至于为什么要由他来演这个别扭的东欧人，我可以理解为是诺兰对他的整蛊吗？
另外，这么难看的动作戏，拍两遍复盘意义何在？真当自己拍的是《摄影机不要停》？"
红豆♥,4星,5555我本来以为我英文听力太烂了，结果翻了一下西人的影评，发现他们也都说这里没听懂那里没听懂……我也就放心了……为啥电影院没字幕呢太难受了……
时间之葬,4星,令人印象深刻的首先当然是各种逆向时空和正向时空同框的镜头，而更令人佩服的一点在于诺兰在逆向行动的轨迹背后同样有一套能够自洽的逆向逻辑。如果说《盗梦空间》的结构是“嵌套”，《信条》的结构就是“对称”。这种对称，意味着片中每一个在正向时间里发生的情节，同样也在逆向的时间里存在并且成立，而要想理解整部电影，就需要以正向与逆向的视角和思维目不转睛地去分析和解读剧情。这是诺兰把“时间”玩得最极致的一次，是《记忆碎片》式叙事的一次全面升级，也是继《盗梦空间》和《星际穿越》之后再度突破人们想象与认知的一次创举。
樹,5星,1.《信条》诺兰最佳，其次是敦刻尔克，这部植入更深。2.先上课，不喜欢理科的观众先离场了。3.每次观看诺兰的电影都有种观赏视觉交响乐的感觉，声音做的和逆时间匹配。4.厌女症大爆发，也尊重女性。5.《哆啦a梦》是诺兰的素材库，希区柯克麦格芬用的恰到好处，从黑泽明到今敏，日本电影促进了美国电影的发展。6.比《盗梦空间》更流畅，谜题电影中的复杂叙事更富有层次，为德勒兹的电影理论提供完美注解。
西楼尘,4星,逆向回过去看见自己的无知，要不要与他搏斗。穿越到未来知晓自己的结局，要不要就此牺牲。挖到时光胶囊，会否选择另一种活法。看到纵身入海，会否羡慕另一种自由。如果我们都在过去有个未来，是要用友情拯救世界，还是用爱情毁灭地球。在更改不了结局的宿命钳形里，只羡慕在时间切片里享受无知的自由。
神威太太,5星,1⃣️祖父悖論2⃣️莫比烏斯環3⃣️單電子4⃣️鏡像結構分子5⃣️反物質6⃣️熵，故事其實很簡單！
LisaLeung,1星,"女性刻板印象（被劫持，提前开枪，一直给主角制造麻烦的无脑美女妈妈),各种中二病男人（身患癌症要全世界陪着去死的丈夫，莫名其妙爱上并不熟悉的美女并为了她把皮箱送出去，又为了她不断在过去和未来穿梭），为了陪衬大场面而存在的各种工具人以及炮灰……一个毫无说服力，毫无感染力故事，加上所谓脑洞，制造了2020疫情中最大的营销案件。"
玑衡,5星,疫情期间为了在美国能看上这部片子，包下了整个电影院……只要150美元。
小水,3星,《信条》结尾两男主道别那幕，有《你的名字》内味儿了。都是黄昏交错之时，都是灾后现场，都是时空旅行，都是第一次认识“真正”的彼此，都是阴阳相隔，当然他们也都会在未来重逢...今敏已去，新海诚当立啊！
阿巴厮,3星,可以，算比较好看的，也很谢谢美国人整天忙着拯救世界，而且在我们并不知道的情形下，真雷锋。
郑乔尹,3星,才尽。
陈哈,5星,"1，投资人喜欢死诺兰了，建立口碑后，上映一部电影，能挣一部分观众好几遍钱。
2，从《记忆碎片》开始，《致命魔术》《盗梦空间》《星际穿越》基本上是他早已熟练的时间+空间环形结构。3，既然有人故意拉低分，我就多打一星。"
水王,3星,"奔着倒带的视觉体验去的，但是居然没有基于倒带的战斗博弈，就只是单纯的表现倒带而已，大部分对抗靠台词说和看完自己想。情感土土的，感觉反派是诺兰去俄国批发回来的，每年应该有五百多个俄罗斯土豪因为打了爱搞艺术的老婆而被CIA整死然后拍成电影，没有买卖就没有杀害。（但是看完回过神发现布拉纳可能是演的最好的了，其他演员像无情的念词机器）因为追求真拍而放弃了一些方面的美术，大场景看起来素素的，特别是最后的决战，平地废墟，毫无风情。还有就是打戏拍的真的太憨了，老毛病了，捶捶晃晃，哎呦哎哟撞墙。总之概念是很好的，但是真的没发挥好，跟以前的诺兰作品没得比。也可能就是倾注于概念，刻意把表演，氛围，节奏……都挤压成碎片，那就需要很硬核的影迷，一片片捡起来，才能体会到其中滋味了。"
河狸,4星,从此以后再也不敢看不起在公园里倒着走的大爷大妈了，原来人家都是从未来回来的权贵。
雾,2星,真的好无聊，就这点子事儿，有什么可看不懂的啊？女主在越南看见的跳海女人，男主在机场搏斗的黑衣人是谁，不是明摆着的吗？多少年前的陈词滥调了，还至于扯到熵……所有的动机和情感都是虚假和不真诚的，都什么年代了，还在黑俄罗斯。只有机场那个倒向打斗的镜头是好看的。
夏奈,4星,回看诺兰的三部电影，我始终无法给出五星，因为同样的毛病从十年前延续到现在，故事中所有的人物性格和台词都是为了粗暴推动情节而存在，显得着急又不合逻辑，完全没有探究合理性。虽说每一部本身也是科幻片，但除了引人入胜的情节设计，讲好一个令人信服的故事是不是才是最根本的？
勺人影视工作室,1星,和逐梦演艺圈差不多
薇羅尼卡,3星,烧你麻痹脑呢！这么简单一个故事非要用“高概念”炫技的方式讲一遍、演两遍，有意思吗？我是诺粉我也看不下去了，白瞎期待这么久！
渡边,3星,预计会是分数最低的诺兰，观影体验比盗梦空间差三个星际穿越吧，都不想二刷了，上海影城cinity厅的音效也太好，全程无休的密集小鼓点敲得我脑仁儿疼。全片最佳竟然是帕丁森，“对你来说是结束，对我才刚刚开始啊”，我的天，一句话胜过整条尴尬的感情线。
不良生,3星,“推开时间的门，你是站在门外看不懂的人。”
恶魔的步调,5星,开场红华纳结尾蓝华纳。看这部电影，有时候就像是在照镜子刷牙，感观失衡，脑袋里预计想刷的部分，握牙刷的手却认定了相反方向。也许未来人已经在我们身边，只是他们学会了怎么倒行，怎么说反话。据说借鉴的Red Dwarf 301 Backwards。自《蝙蝠侠：侠影之谜》（2005）后剪辑并非Lee Smith的诺兰电影，今年他剪萨姆·门德斯的1917去了。这部的剪辑是Jennifer Lame，今年大热的《婚姻故事》的剪辑，去年的《遗传厄运》也是她的剪辑作品。这次的配乐也是自《致命魔术》（2006）之后，第一次不是Hans Zimmer，因为他去录维伦纽瓦的《沙丘》去了。
,3星,算了吧，别吹得太过了，这片进不了豆瓣250，那些说要把别的片挤掉250的，恐怕要失望了！
BBpanda,4星,不是很懂男主和反派的#恋爱脑#
食指,1星,中国观众就是喜欢那种看不懂的，越是看不懂，他们越觉得好。他们评析电影还是处于原始的理性阶段，对于文化和艺术还缺乏教育。而艺术正好是需要知识和信息来衡量的商品。
荔枝超人,3星,逆转或穿越时空的电影看得多了，像这样顺逆时空并存的确是少见，甚至不惜篇幅把顺逆两个视角全部展现一遍才能讲得清楚，可见诺兰先生依旧是全世界最敢想敢做的导演之一。而且在制造热闹上也是很有一手，可惜概念归概念，即使把全部线索来龙去脉理清楚，这个故事似乎也没有什么大不了。
德卡的羊,2星,45/100，此前在《敦刻尔克》积累的好感和无限期待顷刻转化为失望。一直不关心角色的问题在这部中彻底放大，诺兰基本和人类感情一刀两断，就如主角抛弃名姓，到了走火入魔的地步，人物的动机成迷，只专注地玩起概念游戏。即便设定原理再严谨复杂，也掩盖不了影片空无的实质。事实上和主人公拯救世界的好莱坞类型电影别无二致，甚至调度还要更加差劲，大规模倒放的确新颖，但扪心自问：观赏性真的好吗？？？第三幕废城行动在拍什么？田径运动会吗。能理解拍摄上的困难，但观看体验不好也就是不好。此前引以为傲的剪辑都不再亮眼，最后一分钟营救都可以毫无紧张感。我真的找不出什么优点，sorry...
谋杀游戏机,4星,诺兰对时空解构又又又有了新的玩法，逆物质、逆物理在视觉上有些很有意思的呈现，也再次颠覆了动作戏的拍法。我原本以为我是看懂这部电影了的，故事主干是很清晰甚至有点俗套的，直到几天后跟朋友讨论细节，越讨论越崩溃，因为发现还有很多地方没弄明白，智商遭遇了挑战。这片子绝对需要二刷三刷，梳理整个脉络，你才可能把各种设定细节理清楚一些。烧脑电影拍过这么多，到现在还能继续烧下去、并且烧到这种程度的，也就诺兰了吧。这次没有描写多么感人的亲情爱情，但男主和帕丁森在最后时刻的友情对话很动人，会因此回味过来很多之前的情节，帕丁森这个角色莫名帅气可爱。反派夫妻关系也太pua了...
风间隼,3星,那些“顺流逆流”的战斗场面还算有趣，副作用则是破坏了对动作片最要紧的“悬念”。故事和设定借鉴《终结者》+《你的名字》，毫无新意，只是嫁接到了特工题材，把好莱坞的各种俗套更加发扬光大。你们眼中的电影大师诺兰，在我看来无非就是个在电影的末法时代玩弄诡叙的工匠罢了。ps.讨厌一切靠“duangduang”的音效强行带节奏的叙事，蠢。
扭腰客,3星,把简单问题复杂化、情感纠葛神圣化以及信息过载符号化，一直是诺兰电影的通病。再辅以胶片IMAX、波音747这种噱头，结果就是考据派闻风而来，顶礼膜拜。就单论火眼金睛，诺兰粉离虎扑上一个投篮能看出十几个假动作的懂球帝们，也还差得很远。
果酱,2星,走火入魔丧心病狂
文森特九六,3星,一旦牵扯所谓的高概念空想，诺兰立即丧失电影整体意识，回头看来，《敦刻尔克》像个意外。场面调度与蒙太奇构建是否称职，十多年来部部绞尽脑汁的设计把玩却依然粗暴生硬的第三幕平行剪辑说明一切，高潮戏灾难级的混乱脱缰造成一个全盘失衡的共振垮塌——只有零散的碎裂局部，动作和空间被强行捆绑整合。将最浅显的视听骗术包装成最曲折的通俗叙事，编码解码是他的原罪，其沉迷的只是煞有介事与控制欲，他无法离开好莱坞。并未看到坚持实拍带来的积极价值，物理特技十分糟糕，逆熵奇观不经意间竟形成了对实拍的某种嘲讽。华盛顿的主角融肖恩·康纳利的风流彪悍与罗杰·摩尔的优雅俏皮，却逐渐倒退为一个总是晚一步的机械的后觉者，人物让位给了扭桥，黑人邦德只出现在了末尾的车里。或许终归是成为不了大师的庸才，他在作品中痴迷的所谓科学永远是神学。
独爱人山人海,5星,"盗梦空间：N层梦境的深层解析
星际穿越：虫洞、黑洞与多维空间的探索
信条：逆转时空与量子力学
诺兰下一部：人类的起源VS宇宙大爆炸"
Stiles,3星,"就目前的观感来说，是诺兰最差。不太明白诺兰为何在敦刻尔克之后拍出这样的电影，像是在硬着头皮成全自己拍谍战片的心愿(前半段对这一类型语境的拙劣模仿导致节奏过分拖沓)，同时也抛弃了之前惯用的结构手法，使得电影本身也像是一个熵增熵减同时发生的混乱体系。当然动作戏是好看，但与此同时文戏水准真的是诺兰新低啊。不过或许可以说诺兰创造出了另一类游戏玩家式电影，一个不断复活的无名无姓者(赋予观看者命名权也即使之成为超越性的人物-所谓的""protagonist"")执行阻止邪恶大反派毁灭世界的任务，而所有npc的命运/功能似乎都一目了然。"
宋雯婷,3星,从成果上说很平庸啊，没有一个人物是成立的，人性在诺兰搭建的这个世界里似乎消弭了，这片子人跟人之间所有的动作都很虚假，比如女主一直强调儿子，船上丈夫提到儿子两次，诺兰连个焦点都没给女主，个人认为是极度糟糕的处理，因为作为观众，诺兰的技术狂欢感太强烈，沉迷解释概念，却忽视了很多不可被解释的事。对话又苍白无趣，人被处理得特别虚伪又虚弱。我觉得这个还挺糟糕的。人们去想象未来的世界科学和物理的变化，去放大外部和他者，却忘记了挖掘自身的可能性，说是本末倒置不过分吧。不过从电影精神来说，我给诺兰五星，这个世界需要勇敢的人，诺兰无疑是，李安是。这个世界上有这样的导演，本身倒是一件蛮温柔的事。
荞麦,未评分,无法打分，因为一半时间我都在睡觉……
无非,3星,这个电影除了逆时间设定还有什么别的亮点吗？拯救世界的俗套情节，性格苍白的道具人，流水线的做工.....某种意义上说，电影是反理性的直观艺术，要了解如何把一套复杂公式整合到影像里的话，观众为什么不直接去上一堂物理课？热评里各种长评字数都快赶上博士论文了，里边人物放个屁都要解析一番。任何挂着二刷N刷噱头的电影都是耍流氓
朝阳区陆依萍,1星,"这部电影在任何层面上都没有值得讨论的地方。另外，都厉害到让时空逆转了，胰腺癌这种医学大难题还没得到解决，那这几十年都在忙啥呢？？？
越想越气！看完之后不记得这部电影任何画面，倒着走算吗？《东成西就》刘嘉玲的三花聚顶也倒着走啊！而且这拍得太“笨”了，尤其后50分钟倒很热闹，反正诺兰最擅长的就是制造“笨重的热闹”，别的好像也不会了。"
文泽尔,未评分,时间旅行奇观化 剧情逻辑为设定服务 人物感情线缺失 与盗梦空间相比 相差至少一个星际穿越
曾良君,4星,累了，诺兰不要让我来配合你，你来配合我行不行？
Rilkelee,2星,"Christopher Nolan, a director that could make a film so big yet make you care so little."
花袭人,4星,诺兰回去玩他最喜欢的时间梗了。玩得更任性了，祖父悖论说不管就不管，嗯。场面戏还是有保证的。一直不喜欢诺兰电影里的感情戏，这部也是如此。玩动作就玩动作，玩科幻就玩科幻，每次都弄一个感情牵绊，只会给人plot device的感觉，而且拉低大boss的智商。《敦刻尔克》不玩那一套，我就很喜欢。片中的罗伯特帕丁森脱胎换骨，气质耳目一新，非常可人。
栗,2星,什么“别试图理解，去感受”，根本不是那种电影，我只能感受到女主和帕丁森的美貌。
芥末蘸酱,2星,拍砸了就是拍砸了，没什么好说的，的确也没有那么难懂。
Hashiku,5星,剪辑实在太差，150分钟卡的太紧，最后的场面着实很厉害
KREJERK,未评分,如果信条这两个半小时倒着放正着放看都是同一部电影，那它应该是五星
谢谢你们的鱼,5星,惊掉下巴的爽片，《记忆碎片》、《碟中谍6》、《降临》混合爆炸版，从头到尾的动作戏和颠覆想象的量子物理呈现，绝对是史无前例。故事的烧脑已经不仅仅体现在情节上，而是燃烧着你所有的感官。惊人的视觉呈现超越了当年《盗梦空间》的震撼，让人无法想象诺兰到底是如何做到的。本片的出色不仅仅是得N刷的问题，而是得拉片的问题，只有找到每一个对应的细节，你才能知道本片从头到尾的闭环做得多么精妙和严丝合缝！2020年度最佳无疑了！
刘康康,3星,其实设定并不复杂，基本上就是狄拉克的反物质理论加上费曼为了解决量子场中微观粒子相互作用而建立的费曼图理论。而抛开科幻设定，主线故事更是简单到了可以被称为简陋的地步，一个007式不断执行“不可能任务”的强情节商业大片。在这个故事里的人物塑造几乎没一个出彩的，而对于时间反演的视觉奇观化展示也过于简单直接，缺少审美上的巧妙设计。给我的感觉跟豆瓣上严重被高估的《暗黑》系列差不多。在我看来，真正的科幻设定，应该是对物理定律有了自己深刻而独到的理解后，设计出对于未来科学发展既合理又具有启发性的预测。当然，整体而言，这部电影在设定上其实是自洽的，BUG并没有很多评论所想象的那么多。真正的BUG反而是，熵减根本不是电影里说的这个意思。
Doublebitch,4星,信条是诺兰自我崇拜式的返璞归真，极具野心和狂气的颅内实验，烧脑程度直逼记忆碎片，信息密度和解读空间更是堪称自身之最。真没想到2020年了，我们还能在一部电影中看到如此多的奇观和前所未见，还能为某一个电影桥段高呼新奇过瘾，如果说“科学更接近自然，只有诗歌才存在于历史”，那么诺兰就是用科学的方法，为我们谱写了一首关于时间的诡奇诗篇。
重忆小窗纱,4星,其实没看懂物理理论部分。说实在的，为啥所有的拯救地球电影最后一定要成功？？就不能拍个彻底毁灭的？？反正人类这么作死。
SebMia,5星,如果说凯恩是诺兰的御用配角，那么时间就是诺兰的御用主角，《信条》依然是一部围绕时间展开的作品，看似老配方，实则新概念。诺兰的厉害之处在于，他总在不断尝试带给观众某种新概念，并在此基础上建立起一个完整世界观，再用他慎密的逻辑将其中所有环节紧密串联在一起，环环相扣，任你推敲。盗梦如此，星际如此，信条亦是如此。即便你并不喜欢他讲的某个故事，也不妨碍你敬仰他对待电影艺术的严谨态度。更何况，除了讲故事，电影更是一门视听艺术，而在这方面，诺兰从未让人失望过。所以，请原谅我做不到跟大家一起喷诺兰的这部新片，更无法赞同将其与《双子杀手》相提并论的言论。好了，不说了，我要拿出草稿纸继续解题了～
Ada🧣Wong💋💍,4星,"Tenet信条严格意义上绝对是豆瓣标准的8分好片，可惜和诺兰Inception 盗梦，Interstellar 星穿相比，它只能拿7分。为什么掌握黑科技的俄罗斯军火贩子，威胁老婆还要靠一幅画？女主在本片存在的意义到底是什么？

本片优点:诺兰一如既往想在科幻电影领域创新新的方向，逆转时间这个梗很酷，但是用的次数太多，观众会审美疲劳的。电影所呈现的，实则是“决定论”，一旦因是确定的，那果便是确定的，只要果存在了，那因也一定会产生。

这次配乐终于成为了史诗级别的翻车，和盗梦空间比完全不及格的，配乐师并不是汉斯季默大神，这也解释得通我在观影期间，企图通过原声大碟找到安慰，得到的却是嘈杂混乱不堪的聒噪的配乐。"
SydneyCarton,3星,三星半吧。不是我装逼刷低分，是真的觉得没太大意思。你别担心看不懂，诺兰比你还怕，台词交代得密集得跟走近科学似的。其实“烧脑”噱头撇开，你只要不为了搞清每个细节，根本不难理解。情感线一如既往地“直男编剧才写得出来”，都是工具人，就嫩牛五方还有点人味。
杜弗朗斯塔,3星,真的会有人为了所有人物都像游戏里半路冒出来的无聊npc、故事又平平无奇的这么个电影跑进电影院N刷就为了弄懂导演的些花招到底讲了个什么吗？（诺兰，你写女的比盖里奇还烂
南悠一,3星,我像个机器一样，不动感情地看完，情节讲得还蛮清晰的。不过，在创作上，让情节做到常人难以理解，是最容易做到的事。而所谓艺术和创造，在某种角度来说，恰是需要用简单易懂的情节，来讲述看似不可能讲述的复杂的事。
苏乏,3星,Kat全程尬演“我是谁，我在哪，为什么”，最后还在那玩防晒呢，玩一瓶还不够的样子，Andrei电话都打成那样了还不明白她想干啥呢，男主片尾看着Neil居然哭上了，没想到是这么矫情的辣条
注心饼干,2星,给这个分我是真心觉得这次诺兰玩概念玩砸了。单纯搞时间线回溯是没什么问题，就是这个逆行的概念搞砸了。正逆时间线同时在一个场景出现的时候问题最大。照影片说明全都相反连摩擦力都反着，那逆时间的车还能开吗？发动机都结冰了吧？男二对男主太真爱了，但我觉得这个男主不值得，没啥魅力。
宇宙电影患者,3星,星际穿越对接加配乐确实震撼，敦刻尔克依赖炸耳朵撑气氛尚可接受，信条简直是到了“你那么大声干什么啊”滥用音乐的地步。流程通篇动作戏＞说话＞动作戏＞说话＞动作戏，上一次节奏这么死板的电影我记得还是被各种骂的风语者，对白为说而说硬得离谱，故事随发展不断压缩格局后面我已经放空期待，男主演技也并不理想，无聊的故事靠复杂化还是无聊，控制不住想到时空线索和终结者黑暗命运，配乐就算上hanz zimmer也改变不了什么。有几段戏挺不错，但我还是觉得这片装得有点过度了。
，,未评分,时代的隐喻：倒车。
OreoOlymLee,1星,彻底的非人的电影，却又无法完全脱离感性（想想最后红了眼圈的男主角吧）。“不是一遍能看懂的一部诺兰（指看一遍记不住所有由角色嘴里讲出来的概念）”。
判官,3星,看得我抓耳挠腮，前一个小时一直如坐针毡，人物动机和细节根本不能推敲，感觉非常土....配乐动次打次，尤其是女主和她的霸道总裁老公设定，啥啊.....这么说吧，就是一部浓缩低配版的《暗黑》，还没有《双子杀手》好看，不是，比《双子杀手》还要难看，如果撇去时间奇观完全就是一部ppt电影。而且这个剧情到底有啥烧脑的，时空大门的设定就很好解释了一切啊.....未来的穿过去，同时遵循物理规律，只要视角一直跟着男主就好了，那么简单的东西怎么会搞得那么复杂，更可怕的是，用来解析的影评又把它更复杂化了....没必要。
関治,2星,平心而论，《信条》得觉我觉得《信条》真的是一部集诺兰庸俗自恋恐女恐恋自俗庸兰诺集诺兰庸俗自恋恐女大成之作
烟波人长安,4星,男主好惨喔，跑来跑去拯救世界，连顿饭都吃不上，每次都是菜上来了他拍拍屁股就要走了。。那个英国贵族也好惨喔，都混到男爵了，午饭还是在吃炸薯条。。。
一只鹦鹉,5星,烧脑个屁，这是炸脑，出电影院发现头烧焦了的可以集合了
严荼,2星,"可见诺兰向来对于加速表演的掌控力，模型和语言浓缩概括抽象时空的概念，凌厉删减累赘的背景和过场；
但要删减控节奏就等比减动作啊，宁可把更多的时间留给渲染逆熵概念的冗余动作奇观，和更无聊的交通工具场景奇观，也不愿意把情节动机和人物动机稍微展开；到头来围着一个抖机灵的概念，和说出来站不住脚的初衷自嗨150分钟，没有任何深刻的人物和情怀推演，只是概念的狂欢。"
思路乐,3星,【B－】《敦刻尔克》有多让人惊喜，那《信条》就有多让人失望。前两幕仍然是诺兰的调性，当IMAX画幅铺满银幕，当实拍的时空逆转效果呈现在眼前，观众大多都会忽略人物动机的草率与缺失，直到第三幕。诺兰终于超越了自己在《盗梦空间》所达成的「调度灾难」，并将其上升到了一种全新的境界。“时间钳形行动”这个惊人的概念在诺兰手中呈现的结果是影史灾难级别的剪辑灾难。IMAX、胶片摄影、实景拍摄、多线叙事，这些他曾经狂热而痴迷的作者印记，现在成为反噬电影本身的“罪魁祸首”。诺兰已经跌入「迷失域」的边缘，如同《致命魔术》的主角一般走火入魔。这种境遇似乎和李安类似，但好歹李安所丢失的是自己曾经所擅长的，而诺兰这次是全方位无死角的放大了他那该死的缺点，前者只是可惜，而后者就是完完全全的蠢了。
Chizuru,1星,几部商业片让诺兰和他的“粉丝”们自命不凡
荔枝小丸子🍡,3星,并不想因为是烧脑大片就盲目打高分，也并不认为晦涩难懂的电影就有多高级。2个多小时如坐针毡，度秒如年，强打精神看完全片，但最后也不明白电影想表达什么。只想回到过去，告诉自己别抱太高期待。
4cats,3星,就是像编程，不像电影。这样的创作，有点像人机大战，nolan无疑靠在了机的这一边（今次几句情感走向的台词都蛮像大数据筛检出来的）他或许会进化得更精密和庞大，然而科技终将造出一个nolan II 取代他，这就是nolan悖论呀！
su27根本就没有,4星,玩过Braid就很容易看明白了，脑子里的时间早就不是直线了。
余小岛,4星,信息量太大，细节太多，而且还以爆炸的方式高速呈现给你。丝毫不拖泥带水，节奏超快，上来第一场戏就震住你，甚至不给交响乐一丁点上场的机会。时间钳形结构太酷了，诺兰又开创了一种新的叙事结构。
#PomBom#,4星,挺好的。我能理解豆瓣上的诸位打低分的理由，可是我更能理解诺兰想做导演中的巴赫（或博尔赫斯？）的执念。重要的是结构，其他都是次要的。
非常不小心,4星,牙刷可刷牙，信条亦条信。上海自来水来自海上，明天到操场操到天明。
记不住密码,3星,速度与激情系列之后，好久没看到这么暴发户气质的动作大片啦。
shininglove,3星,你以为是全部，其实是局部，以为是现在，其实是未来。拓宽视野，打破盲区，改变思维，技术为观念服务，换个角度看世界。
亚修,5星,基本可以同《盗梦空间》《星际穿越》持平。虽然《TENET》不具前者的情感冲击力，但节奏紧凑到燃烧，高端创意呈现得精彩绝伦，反转多到猝不及防。且《信条》的回文结构叙事设计得极为精妙！不愧诺兰大神！
Jerry.,5星,【A】二刷。只有第三幕是真的值得批判的，完全沦回《盗梦空间》式的“只剩概念”，而本身的可看性还要比前者更差。。不过前2个小时，诺兰达到了自己商业片的新巅峰。他第一次彻底摒弃概念的束缚，可能在自己一直中意的谍战片中老实了起来，基本上保持成了《谍影重重》式的动作片，干净利落的出乎想象，而又合乎时宜的懂得运用自己的高概念，基本上把谍战片拔到前无古人后无来者独树一帜的高度了。至于人物动机等纯文本问题上。。好像除了诺兰，其他正常商业片抓这种问题都是群嘲吧。调度和动作戏这次要是还能硬说过于混乱与不好看。。告辞。（当然后一半都是抛除第三幕讨论的）这部出现的所有问题基本是诺兰之前全部公认的，而很多方面还有了较大提升，所以怎么就会是诺兰最差呢？诺兰最帅一部无疑。
伊夏,3星,哥！费了老鼻子劲聊了个这？！那些菜鸡互啄的戏删掉也没关系哥！西子卡都睡着了！
Mr. Infamous,4星,之前被各种文章标题吓到，很有挑战欲，连简介都不看，但似乎大致跟上……是那种听数学难题讲解，觉得自己明白，却未必能复述的……半吊子成就感？不过也是个历程吧，概念、操作与对应，都是让故事呼啸起来的道具，一个不可能成功却注定成功还充满变数的任务，拍得很是有趣，尤其是逆时的设定。让我眼前一亮。而亘古的亲情，以及蜻蜓点水又隽永浪漫的情感，是一缕清风。谢谢#桃花岛观影团#。四星半。（阿马尔菲、拉韦洛，年初居然正巧去过，但眼拙如我……辛波乃别墅美极。）
這個人,5星,"太好看了，雖然大概只看懂可能不到5成，但看了巨幕IMAX版實在太太太震撼了，真的只有諾蘭可以超越諾蘭，完全不會讓人失望的作品。真的光是「看」這部電影就滿足了，劇情到底在做什麼是二刷和三刷之後的事，第一次看就是好好的去看一部電影，可以放寬心不必想著要去理解諾蘭，沒有任何壓力的情況下回歸電影本身，實在太滿足了！這一次觀影，我掌握了兩個原則：第一，這不是時空穿越，而是時間逆轉；第二，我以彈孔作為判斷時空的依據。這是第一次觀影的筆記，再看一遍想必會看到更多細節。另外，最後Neil說「I’ll see you in the beginning, my friend.」竟然差點弄哭了我，太喜歡了！"
尉迟上九,3星,人类编故事的能力已趋于极限，即便是诺兰，也改变不了这铁一般的事实。
YQY-Vader,3星,剪辑真的不太行，查了一下剪辑师之前是剪《海边的曼彻斯特》《婚姻故事》这些文艺片，所以打斗动作戏剪得很乱不说了，男女主第一次见面餐厅吃饭那场戏剪得什么鬼，正反打动作不连贯，看着太难受了。最后战争戏在红蓝队之间做平行剪辑就足够了，又把另一边情感戏剪进来，打断了正逆向战争的体验，也葬送了最后一分钟营救的紧张感，跟《星际穿越》地球-冰原星球平行剪辑那段同样的问题。
陆小包,1星,巨大的失望。故事特别老套，关于回到过去最常见的套路这片子里差不多都有，倒放的镜头也没有盗梦空间里反转城市来得有视觉冲击力，反而有点好笑，小时候我们自己拍的视频做的唯一一个特效就是倒放，炸弹、子弹的特效倒放多了也挺无聊。节奏和逻辑也很怪，简单的故事复杂化，还把原本的简单给玩崩了。人物更是没有一个立得住的。男主从头到尾不知道他的内在动机是啥，片名叫信条，男主的信条呢？生下来就是无情的拯救世界的机器吗？女主不谈了，玛丽苏到了极点，而一般玛丽苏的角色，都没有她这么纠结。
有心打扰,4星,1.就是如果你跳脱出影像，会大概知道影片在讲什么，尤其是最后“未来人”的目的道明之后，更是可以明白这个故事。但是在快速的影像呈现上，便难以跟上每一幕画面的内在逻辑，于是你只能“别去试图理解它，去感受它。”如果这时候你感到头疼，那就睡会儿吧；2.诺兰依旧在塑造奇观，哪怕你可能真的觉得影像所呈现的信息难懂，但是在配乐、剪辑、创意和高燃场面的结合中，你依旧会被紧紧吸附，感受着导演、作品的魅力。
Visages,2星,无聊到短评都懒得写了。（还是写了。诺兰沉迷在时间线和影片结构的玩弄，费尽心思搭建的时空隧道里却构建了一个极其无聊的故事内核（2020年了还玩拯救世界和最后一秒营救？）。观众想完全“看懂”电影的驱动力，是有说服力的人物动机和有趣的故事特性，而非你把影片结构弄得多么复杂。在前者无法建立的情况下，后者的意义是虚浮的，更何况，这个电影根本连烧脑的部分都丝毫没有深入，只是丢出一堆看起来很高概念的名词，和对时间线刻板的调序。每个人物都像机器，动作场面依旧敷衍到昏昏欲睡，过度依赖于重低音氛围感的配乐和高速剪辑，这些诺兰一贯以来的缺点都被进一步放大。影片呈现的作者姿态，是傲慢而毫无幽默感的、机械而毫无灵性的。
悖论,5星,除了剧情和设定的升级，诺兰的打戏都好看了！感情戏都真挚了！惊不惊喜！总说他剧情解释太多，好啊，这回摊牌了！祝愿大卖，下一部再来这么爽一把～2020年还能让你看到影像新奇观～魔幻！五星送给导演的放肆！
豆瓣猜谜练习毛,未评分,“你要是不听我的，我就打死我老婆”——真是笑话，我们几千年历史哪有这种打不服的老婆，就算打不服还能打不死？
saintdump,3星,IMAX*和平。巴赫的螃蟹卡农用两个声部分别演奏正逆旋律，在诺兰这里，是用两种运动（也包括配乐），来呈现时间的双向叠加、或不如说复调，且不说物理上的瑕疵（光没逆），更深的问题在于，电影的播放——作为第三种运动被割裂开来，铺上一道因果顺序的阴影，在战场戏尤其明显，各行其是的动线带来对共时性感知的破坏，变成一种眼力游戏，而任意门的设置加剧了这种游戏感，把影片定调为终结者、前目的地之类的时间任务，再一次，为了讲完一个故事，诺兰将充满不确定性的概念，坍缩为机械决定论的通关——人物在对宿命的接受中完成英雄的弧光，一道技术的糖浆，洒在一套类型化的观念上。有点可惜，诺兰很善于把概念故事化，这部甚至换上了更先锋的音乐，但没有对电影本体的反思（like黑镜特别篇），电影对他好像只是一张乐谱，而不是心的振动。
巴伐利亞酒神,4星,开头不是开头，只是你看到的开头；结尾不是结尾，只是你看到的结尾。无数次的时间游戏，葬送在无数次的时间钳形运动的汪洋大海中。核心思想：1.祖父悖论；2.我们无法区分自我意识和多重时空的关联。俄国人和男主在一个你看不见的时间线上早已相爱相杀一万次了。最后感谢桃花岛观影团。
毛香菇,3星,“……恨爱起泛海浮”起响会为以，候时的别道中墟废在员演男个三。题问的好讲事故把有没次一又兰诺是，题问的脑烧不烧是不
瓦力,3星,诺兰这次用高艰深死命砸观众，结果玩脱了，《星际穿越》时隔6年影院重温还是会被感动，而这部《信条》搞懂了就不想再看哪怕一遍，这就是区别，而且漏洞还真是不少啊。
喂饭,2星,《星际穿越》里的时间虽然被排序和使用，但它不能操控的部分仍在被哀悼：在进入五维空间以前，男主角不可避免地活在这两者不可调和的矛盾中。TENET却把时间当作纯机械的语言，之中几乎没有情感矛盾。男主角的命运在于使用时间。精确计算和游戏时间的人成为这个世界观里的强权者。一切为时间吊唁的行为都被视为累赘，是会像女主角那般“脆弱的”。所以TENET是一部被当代信息社会全然附体的电影，电影里只有对绩效的膜拜，“信条”是唯一线索，线索也是唯一信条。
思故渊,3星,诺兰玩他那套方法论已经魔怔了，这部愈发的没有意思。故事已经不存在了，只剩下结构。
小油飞,3星,集中展示了诺兰的弱点…格局小，情感落脚点无聊，人物立不起来，配乐吵得要死…小空间内的逆时间拍得还算有趣，后面的大决战仿佛把Inception灾难性的雪山戏拖长了十倍…
荻野千尋Q_,3星,？
未来事务管理局,未评分,"媒体观影归来。在商业片领域，以如此大的规模展示双向时间线，《信条》是第一次。故事不难，预告片交代得足够清楚：未来，人类发明了一种逆转时间的技术，引发灾难。主角奉命拯救世界。

比较要命的是，这项技术并非传统的时间旅行：把你送回过去，时间还是【从前往后】流动。而是让时间倒着流，【从后往前】。字面意义上的【倒带】。

你会看到：1、视觉上的逆行 2、物理法则的逆行。鸟倒着飞，人倒着着走；下雨了，水往高处流；开个枪，是接住飞回来的子弹……正、逆两种时间，在同一空间里直接接触，爆发视觉奇观。

人类看不见时间。那我们是如何理解时间的？答：通过时间留下的痕迹。本片的做法，是把时间“空间化”。

建议一刷就专心感受逆向的时间在大银幕上扑面而来的快感。"
培根君,5星,化境诺兰！好久没看片这么“醒脑”了～光第一遍就够嚼头了。新配乐很适合这部的风格，情感戏个人认为仍是诺兰弱项，但这一次也拉的够满～最主要就是这回玩的这概念，故事大家就且消化吧～“当年因为没看懂，这部神作被无数人打了1星”，5年后营销号标题都起好了～
zykmilan,5星,“未来的世界里海平面上升”，所以诺兰费了这么大心思其实是拍了一部环保宣传片……时隔整半年后再进电影院，以诺兰的TENET开始实在太heavy了，整个后半程我的嘴都合不上，只是在默念WTF。太烧脑了，一刷甚至二刷都基本没有完全看懂的可能，原以为是时间旅行，但是发现远比时间旅行复杂得多，而是“时空内卷”，看上去这位实拍狂魔应该没少用到一些youtube创意视频里才会见到的拍摄之后倒放，不可谓不大胆。而做如此尝试就需要异常强大的世界观构建和剧本完善，而这恰恰是诺兰（和他弟弟）最擅长的。因此我愿意在没有完全看懂的情况下给五星，给这种看完之后回味无穷的解谜的快感，给他如此极具创意地不断丰富类型电影的剧作和拍摄手法。
Annihilator,5星,4.5。四遍。诺兰真正的突破，与之相较，「敦刻尔克」不过是在过往创作模式的基础上进行精简和降速。他的电影一向非人，由（来源于工业和编剧主义的）机械动力所驱动，因此再复杂难解也是精密的，缺乏自主发酵的秘密和混沌。包括情感在内的一切都可被拆解为系统的零部件，有着明确的功能、位置。备受好评的几作之饱满情绪，主要由高强度的叙事方式、剪辑观念和声音系统为其注入了原始的调动性；而释义性台词的文本美学借由念白转化为情感张力和表演能量，反哺冰冷的情节机器。上述一切在「信条」中不复存在，线性叙事取消了剪辑的情绪，配乐失去温度，多数场面都在沉默地执行概念而不是如以往那样抛售它们，因此产生观感上的无趣。冰冷与沉默带来的是视觉审美的指数级提升，动作-空间的力量美学是其作品中史无前例的，后「信条」时代的诺兰未来可期。
RUNE,3星,硬科幻，“强”剧情。思来想去，还是只能给个三星。
筷喜旺,3星,哇很难得有个大反派在发表完极端环保主义者那一套毁灭世界言论后还能坦言“我他妈的就是要大家陪我一起死” 很单纯了
阿暖,5星,不是最好的诺兰，但记不清有多久没有这样沉迷于影院体验本身。我感受了，我理解了。
獨孤島主,3星,抽掉了灵魂的纯游戏，也可以视为是世界电影史最新的成果——“小诺笔触”。
黄悦_,5星,诺兰这次不给观众发说明书了啊
樹一,3星,因为感情线太弱，整个观影没有什么愉悦感，倒是像在听一节竞赛培训课，老师自己讲得很投入，台下百分之八十的学生都在硬撑着不让自己走神，于是有一半假装自己听懂了，有一半准备放弃这门竞赛。
远子,2星,难看。
＃巽＃,2星,想说胡博士玩过这个梗，但如果说出具体的人物，好像就剧透了。就…我先忍着吧…
言之命至刘在石,4星,"我tm人生第一次连打架都看不懂了，连简单粗暴的枪战我都看不懂了。从90分钟开始，我与电影的差距就逐渐被拉大，直到最后的大战，我全程懵逼，根本不知道到底在干嘛……诺兰过往的电影即便烧脑也更注重感性，从来不会如此折磨观众。但毫无疑问，《信条》是诺兰生涯直到目前最烧脑的电影，是一部真真正正必须n刷完全看懂它才知道有多牛逼的电影。无需怀疑，我知道它很牛逼，但不能因为“不明觉厉”就打满分，还是等我真的理解它之后再改五星吧。
炸真飞机那段无论场面还是音效真的极度震撼，IMAX压迫感强烈。
不用担心有人对你剧透，因为别人可能看完也不知道剧透啥，即便真的剧透了你也不一定明白。
看零点首映，到2点半，我的脑袋真的想炸裂……
（男主角真的不是哈登吗~女主的身高有2米吧？！）"
血男孩,2星,没看明白也不想明白，动作的部分太多了，太好莱坞了，以及片尾曲人声一出来我就不舒服...
nininia,2星,无聊
火娃,3星,6/10。在时间处理上依然是经典的好莱坞式剧作结构：把顺时排列的段落做了一个折叠，再一层层向上返回，如凯特望见游艇上跳海的女子、候机楼仓库里逆行逃走的特战队员、从翻滚变为行驶状态的车辆，影片从主角返回到凯特中枪的过去开始，再逆向体验了一遍上述段落，恰好形成了紧密相连的回环结构。因为担心观众理不清概念，特别安排一个女科学家向主角展示原理，无论是开枪后从复原的弹孔上回到弹夹的子弹，还是不接触就能拿起桌上的子弹，都用视觉的新奇感把剧情推向平行动作交替的大高潮：红、蓝两组拆弹的人马有时向前、有时向后运动，在火箭筒炸塌建筑物的慢镜头中，火光和杂物飞溅的状态看得真真切切，出色营造了沉浸感。但致命缺点是技术和思想嫁接上失衡，杂乱破碎的人物对话很难输出关于逆向时空和命运的宏大思考，陪葬世界的反派动机未免太单薄。
WSalomé,4星,可以可以，没想这么多年过去了，还是吃了满嘴Doctor x River的刀，真是图书馆即视感，哭哭
大海里的针,4星,8分，这个片牛逼的地方挺多的，肯定也会有很多人分析，我就先说几个槽点吧：1、剧本很好莱坞套路，又是说俄语的反派+核武危机。2、女主和反派的感情线无力吐槽，一部科幻间谍大片硬是拍出了家庭伦理剧的狗血。3、“世界要毁灭了”、“那我的孩子也会消失”，我也算反感集体主义吧，但还是适应不了西方人这种个体无限凌驾于集体之上的脑回路。另外，这个片子并不难懂，时间线绕不过来不影响理解整体剧情。
六壁坂,3星,太过于巨魔和谜语人了，即便我喜欢记忆碎片也爱不起来。因为提到了正逆人接触会○○，所以我就等一个○○的镜头，结果没有！
k,5星,21世纪奇观
爱幻想的小孩,4星,其实相似的设定《前目的地》和德剧《暗黑》都已经挖掘的挺深的了，基本上都是在说如果时空穿越真的能发生，那鸡生蛋还是蛋生鸡是无法找到真正的起源的，因果相互成就，人不会再有free will，命运会在永远的循环中进行，就是这么个设定。但是诺兰貌似还是铁了心的来迷惑观众，靠次要人物的对话来解释剧情。想明白设定以后其实也没有什么令人满足的解密感，就好像在看一个超级精密的劳力士摆在桌上按部就班的在走。这种靠叨逼叨连接大场面戏的倾向真是不能鼓励
kakakarl,3星,3.5。有一点点失望，并没有传说中的看不懂。是不是有一个智商低于多少才能看诺兰电影点映的测试？只不过是在顺序故事里，加入了逆流穿越的几个不同概念，故事讲述方式还没有《记忆碎片》难懂。制作的挺好的，同一栋楼，正着炸和逆流炸的展现，技术一流，都在夸实拍没有用特效，倒放的确算不上什么特效。画面整体偏黑，有些时候我甚至看不清黑人男主的脸。比起低浅的煽情，我更喜欢：女主曾羡慕的自由的女人正是未来的自己，这样的价值点展现。
皮革业,2星,自Batman Begins以来，逢诺必睡的魔咒已逐渐变成我恪守的信条。
paradiso,4星,爽是蛮爽的，就是我物理才高中程度害怕被瞎忽悠啊，我还是去把意大利人写的量子力学科普书读完再来领会吧...不过讲真，大动作戏耗时太多了跟007似的就不能多给点时间更体贴地说明阐释一下游戏规则吗，音量太大后悔没戴全新耳塞。看完后觉得最大作用是营造了帕丁森深情伟岸的形象给他此后接班Batman铺心理建设之路orz
鸟川芥,3星,智商不够用，除了大概知道讲的啥之外，没看明白。最后大战啥的完全不知道他们在打什么。 最后三人拿的几个大螺帽就是毁灭宇宙的武器吗，手感太轻了，不太可信。
是ZH锦城,5星,观众还是那个观众，诺兰却又升级了
车百万,2星,无疑是诺兰电影序列中最平庸的一部……
与碟私奔,3星,"IMAX首映当天(第二场)原声第一刷
隔天准备长影译制片国语第二刷
看不懂又何妨……看懂了又能怎么样！
*【2020-9-5 双机巨幕厅 （普通/ 国语）】（第二刷）"
Bill 2.0,4星,盗梦空间的经验在于绚烂的结构下每一个角色都充满了爱和温情，而信条虽然每一个细节都可以多刷，但在情感上完全得不到共鸣，除了试图在轰炸式的音效下面听清每一句台词到底是什么每一次invert的结构是什么，并不会因为故事本身而想要一直投入到这个世界。不过也正因为如此，信条应该会更受到国内影迷的欢迎，大把的评论介绍什么是庞贝石碑，熵，祖父悖论，好像掺杂进去的概念多才是诺兰的牛逼。恰恰相反，我觉得诺兰的牛逼在于你不需要知道复杂的概念而能融入进去。比如说看黑暗骑士的时候，我们震撼的是人性的光辉，即使一艘船都是罪犯也没有去引爆，而不需要知道这背后是哲学上经典的Trolley Problem中面临的选择。
Pukii,5星,一般人，故事还是可以看懂的。只是细节方面，估计普罗大众理解起来还是很困难的。比如“熵”的概念，我是去百科了还是看不懂到底是个什么鬼。不过，电影里有句台词可能就是诺兰想说的：“别尝试去理解，尝试去接收”。那些科幻理念和设想，不需要去百分百理解，只需要接收整个时间线以及时间运行的方式就行了。拍摄得一如既往得好，inception还能猜到怎么拍的，这一部电影就完全只是在惊叹诺兰团队的技巧和创意，完全被各种神乎其神的拍摄手法震撼到。不过，故事性我觉得不如inception，可能我只是个凡人吧，这部电影涉及到的哲学方面的探索，无力体会。但我可以断定，五十年以后，这部电影的理念和画面，依旧会在科幻片领域里，名列前茅。
哼哼.floweray,5星,"关于本片的所有分析，解构，解释都只是此后时间线上的一丝丝点缀。
就像很多人反复再问：2020年能重启吗？
答案是“不能”
我们都是人类命运主线上的一粒尘埃。
就像我多年以后再来看关于本片的标注，答案早已呈现。
命运。"
古宋松谷,3星,未来的我派人到过去协助过去的我拯救世界，这种设置很难再讲出新意，连《机器猫》都用得很熟练了。
BitterFortune,3星,尼尔拿到的大概是“穿越时空爱上你”的剧本吧。诺兰是一个audience unfriendly的导演。他将视听语言中的“视”集中在奇观和异象上，而将重点放在了“听“的作用上，超过百分之七十的重要叙述都是通过演员之间的对话完成传达的。因为他不屑于直白的解释，所以观众只能从隐晦的碎片式的信息中去拼凑。观众能从画面获得的信息过少，比起看电影更像是听了一场有声书，结合一些磕药般的视觉效果。演员只是纯粹照着剧本念，并不知道自己在整个叙述中的作用，因此大部分的表演都是有形而无神的。不可否认剧本的野心，概念完整演绎且逻辑基本自洽，但失去了之前被人诟病的用软科幻包装的人文关怀，反而少了几层丰富的情绪，削减了观感。时间循环、因果论和宿命论是很好的题材，诡谲的视效和复杂的叙述就有些喧宾夺主了
朝阳区妻夫木聪,4星,确实是极其巨大的信息量，对观众也有点不太友好，但好在是即便抛出了那么多概念，但依旧扎实地玩弄了一个时间的技巧，诺兰依旧是制造惊喜的大师。从结构上讲，它不是简单的“上海自来水来自海上”，而是更加设身处地地制造了一个“逆时空”的情境，这也是观看本片的门槛，一旦进入了这个设定，你会发现其实诺兰很细心地铺垫了很多细节。于我而言，这次的故事的确有点过于删简就繁了，不过我还是很喜欢影片对于多维时空的解读，它有点让我想起《降临》，一个是“我预见了所有的可能但我仍欣然前往”，一个是“我经历了所有可能但我仍不后悔出发”；前者仰望星空，后者俯瞰深谷，来时的每一步脚印都已成既定事实，但思绪仍可以自由飞升至宇宙的每一个角落。不过，如果主角换成五方的视角，或许影片在情感上收获的能量会更充沛吧。3.5，待二刷。
煤十斤公爵,5星,当诺兰借助影片中的角色说出“不要尝试去理解它，去感受它。”之时，他并非意味着《信条》是一部拒绝读解或重构的影片，而是指涉未来时间的不可知性，尽管这种奇观式的观看无法真正成为“拒绝观看”，仅仅作为与永恒此在的观看行为比喻意义上的不兼容。前半部分的顺线剧情是一种晚期资本主义的加速度装配，诺兰察觉到了某种加速主义的未来弥赛亚，并将此呈现为一个莫比乌斯之环——在那个迷幻而分流的时间节点，呈现为时间的反熵，或者可以说，这种如同《快乐的结局》般倒退的时间的确是一种不可观看，在此之外指向了影像，或者说这种英美blockbuster电影明确而令人窒息的界限。然而这种非时间性最终却被表述为一种超能力的柏拉图主义宗教学，“哲人王”必须强制性地回归过去，日常。或者说，一部高配的漫威式（无贬义）超级英雄影片。
胤祥,2星,三星实在给不出。设定本身就是个笑话，因为实在无法吃下设定导致一直在走神。本来正逆对打的动作戏可以设计出各种花儿来，结果诺兰拍了个啥？以及，都大军火商了不离婚还是为了孩子，搞个家暴还是用皮带，这想象力也是——（诺兰不懂富人哈哈哈哈）。感觉所有演员都不知道自己在干啥，强行努到那个结尾还算是有点意思。以及，诺兰的作者性依然存在：整个第一幕set up；对“最后一分钟营救”的交叉蒙太奇有比较独特的发展；在银幕时间上做可视化的切分/重组，不过这次真是玩砸了……意识形态症候：乌克兰-苏联-核恐惧；以及最近不少片子都在从时间上寻求救赎力量（要联系[降临][复联4][星际穿越]），有文章可做。
CharlesChou,未评分,我愿再看一次DW某时间线并代入五方DTT邪教CP（除此之外，再次觉得真的好睡，想cater mass audience就必然会是如此
德珈,1星,无聊到根本不想去深究。
万户,3星,"就这？结构及其复杂下的狗血故事，人物塑造、世界观和故事都稀巴烂。
逆时空是很炫，倒着走的世界听起来也很好玩，只是展现出来就真的无聊。
九国核弹阴谋，俄罗斯霸道总裁的狗血爱情，说实话女主的戏份是在太失败了。为了技术和形式牺牲掉故事的典型案例。
再说，这种时空穿越的桥段在其他科幻作品里也很常见，除了倒着走之外……"
Blavatsky,2星,就……特别偏执特别笨。还我《星际穿越》三刷仍然准点发动的鸡皮疙瘩！
臆想图志,3星,摧毁世界，爱，守护，阴谋电影里的这些都是轻飘飘的为了展示它的魔术与游戏规则的俗套装饰物，整部电影就是在玩小把戏。
Valkyrie,4星,"谍中碟拍兰诺让果如

诺兰：是的。
记者：这是一部关于时间旅行的电影吗？
——摘自YT"
达斯佛™,3星,结构先行，观感混乱，情感缺失 ，动作尴尬，演员懵逼，有点失望。
持证Pho教徒,2星,感觉看了个网大
雷 托,3星,不认同诺兰对时间的理解 以如此笨拙的方式 主线也很俗套
Lottie,3星,。己自了估高我是
王俊俊,4星,小失望，剧情太简单，没有解谜和叙事诡计，甚至我猜到很多剧情走向，抓住了大部分细节。和粉丝立了挑战书，很期待，却发现毫无压力不烧脑。但也有惊喜，视觉上看到各种逆行动作，诡异扭曲又精彩的编排，达到了另一种烧脑:非逻辑层面而是奇观冲击，值得全神贯注欣赏。有几个设定和细节也很惊艳，时间线也很有趣，尼尔无疑是最感人的角色，英雄赴死。一些伏笔和互文比较细节，但都记住了。但最有趣的还是诺兰致敬自己，盗梦空间的节奏，记忆碎片的正反时间线，终结者的英雄赴死未来再见。值得说道的地方很多，但故事本身不难懂，4星，我不需要二刷。最后女主是真的高，190
TWY,2星,elbisspomi noissim 也就是说，它是对“最后一分钟营救”、“主角光环”等类型片套路的浪漫幻想和理论满足，（毕竟它本身又有意利用了007、碟中谍系列的关键元素），因此它也暴露了你诺的缺陷，张牙舞爪的声音极力掩盖着一切的粗糙，混乱也永远不是神秘的同义词。
gegemoon,3星,真的没有什么烧脑难懂的。如果你有想不通的地方，那是因为诺兰就没打算让你想通，可能他自己都没想通。时间倒流的动作场面真的很酷很有想象力细节也很丰富，但是其他方面也太懒了吧。就算有顶级珍珠也得拿质量好的线穿起来才行，不然去拍MV可能来钱更快。《星际穿越》我就吐槽过的剧情逻辑更严重了，总之主角就是要去那里做那件事不要管为什么因为诺兰这样说的。两个半小时的电影还能留那么多loose ends也不知道怎么做到的。
🌵🌵,2星,两星半，差是差不到哪去，如果说诺兰拍的是做题电影，那么《信条》无疑属于更复杂的题目了，诺兰也绝对称得上学科精英，然而他的电影才华可能也确实没什么发掘空间了。得承认我物理不好分得不全，但我非常清楚它高概念下剧作设计的发展逻辑，从氛围到结构层次到动素模式，全都是《盗梦空间》那一套的重复，一个嵌套一个对称而已，顺便利用概念的残余拼接一种普世情感的反差（《星际穿越》）。再剩下的就是角色对着屏幕吧拉吧拉解释原理和全程播放蹦迪音乐，非诺粉表示累了，就这样。
关雅荻,4星,"我觉得我们都被诺兰骗了，《信条》根本不是一个科幻电影，是一个跟《致命魔术》本质类似的迷人的神棍电影。。。

讲科学，讲经典物理学，讲量子力学，讲平行宇宙，我觉得都是掉入了他的陷阱。。。

这些都是他在技术杂耍和测试的完美借口而已。。。
都是任性，诺兰可比李安“狡猾”太多了😂😂😂"
麻绳🚬,3星,走火入魔的炫技，就是没有真情实感。这片如果不是诺兰拍的，还能加一星。
洛,4星,我真的不想再搞死老婆的爱情了。放过孩子吧。 放过孩子吧。
林西拿,未评分,睡著了，還剩50分鐘的時候退了場，外面下著雨，有點浪漫。對於電影的感想是，高智商真好，可以任性地做勞民傷財的事。
Winnie,3星,。看好不的真
451½°F™,3星,当 Protagonist 首次接触到「反物质」时首先关心的就是在「拟世界」中的「自由意识」，而在整个故事中「心灵」并没有因为物理规律的变化而有差异，遂可以看出终究诺兰在尝试一把将不可想象之「量子异世界」呈现最后还是成为噱头，毕竟作为好莱坞导演，观众（市场）的接受度比科普或者纯玩个性要重要的多，所以诺兰的「科幻世界」依旧是某种服从于市场的机械唯物主义，当然在当下越来越「政治正确」的时代，保持个性比其他都重要，如果还有一个黑人明星二代的保驾护航更是锦上添花。
苍庐,4星,如何识别从未来返回的政治家？看政策是否开倒车。
tata,4星,诺兰是我印象中唯一能把“理论”给影像化了的导演，他对电影艺术、叙事、情感都没有兴趣，他感兴趣的是人类无法轻易理解和驻足的领域，他拍的是纯“知识”。但他又足够聪明，非常明白如何在好莱坞拍片（而且很耐看）。他不追求库神、塔神那种伟大，他是工匠级的。总之他的作品在我心目中就没有失望过。呃其实这片子一刷实在说不出啥，等蓝光资源出了再多刷几遍了。
Morning,3星,从商业制作的角度而言，这个男主角的气质其实拖累了成片，他看上去既不聪明，也不是特别能打，全程我都在质疑他真的在奉献自己拯救地球吗，他也没有诺兰电影里那种理性的气质（对比盗梦里的选角之优秀），整个电影他虽然一直在行动却很工具，他一直憋到最后一场道别戏才要哭，前面看到被欺负的女性还阻止她杀掉家暴自己的丈夫，整个人物实在太没有魅力，而罗伯特帕丁森基本上也是靠离席和回溯来塑造。电影最要命的一笔，是华盛顿救回了凯恩，抱以大义，因为他背后牵涉了更大的事情，这是四十年前的家国式写法，现在的英雄为了更有魅力，都发展到无休止的任性了，但诺兰还在那种死板中，如果我是编剧，我会从那里开始变化情节线，他会双手双脚的支持德比茨杀掉自己丈夫，以他人的情感为自己的情感去共鸣亡羊补牢的拯救世界，因结局死的人都是早有机会杀的
세넓또많,3星,3.5。晦涩难懂，装逼有形，在比盗梦空间还密集堆砌的音效声+背景乐里，我就听见了经费燃烧的声音，诺兰的作者人格总给人一种“讨厌女人但又离不开女人”的意味，我只想说，离婚吧，相信不久各大影视营销号将纷纷起笔“诺兰最新神脑神作最全解析”。
烏滌非,3星,整體感覺就是「不·吸·引」。時間逆行概念帶來的刺激是短暫的，無法掩蓋故事本身的俗套與單薄。以及，如果一個邏輯宇宙真的足夠嚴絲合縫，那我覺得應該有膽量把講故事的方式做得更通俗易懂些。
国王KING,4星,叙事有点难懂，但看到结尾多少也能猜出点东西。我在人生的终点和你相逢。
顗礼,4星,三星半，一种意义上的“爱情片”，诺兰将自己惯用的、处于电影“外部”的叙事结构移植进处于电影“内部”的物理学逻辑，基于流俗的文本与迷影私货构建起一个作用于“概念阐释”的世界，对动作场面的调度有肉眼可见的进步（至少有几场是能看的了），当然问题更加不可回避，就成片来看，此次班底大换血很大程度上造成了弊大于利的结果，剪辑混乱，部分平行蒙太奇的失误调配甚至影响观者的情绪代入，Ludwig Goransson的配乐在第三幕也被彻底浪费，放飞自我的诺兰更加执迷于“高概念”和“宏大叙事”却又一次忘记了做减法的重要性；但是！对，我要说但是，结尾处两个男主对视的时刻，还是忍不住泪目了
leoleo,2星,"就是烂啊 有啥好说的 玩了一堆破梗 还没搞清楚不是回到过去要带氧气吗 为啥那个女的去越南不用带？目标变了三次 感情最后是个灭霸 😂😂😂 这故事可以直接套给漫威 metacritic 69不亏，如果不是诺兰拍的，使你怀疑是你自己的错，是你没看懂大师的思路，那也就59吧 😂😂 看个电影还让你先怀疑自己的智力 这算不算pua导演 😂😂 

ps imax难道连声音都更大吗 还是普通的也很大 还是电影院开太大了。我真的快聋了 必须捂着耳朵 全身都在震。

反正本片就是对内心，大脑和身体的三重折磨 😂😂😂"
纸风筱龙,1星,诺兰以前的电影复杂，会有主题。这次不但没有，而且各方面平庸至极。
Unbeliever,1星,问题还是他片子的老问题，只是这次仿佛更加严重了。一切的纷繁复杂都建立在一个空洞、陈词滥调、无法让人共情的情感落脚点上。台词写得是越来越差了(我记得看完星穿我就是这个感觉)。这次的剪辑更让人无法呼吸，信息密度几乎达到了商业电影的极限。整个情节没有重点，呈现出一种故作紧张的流水账状态，并没有真正制造出太多扣人心弦的有关人性的情境/困境。从这个角度来讲，其实和复联系列也没有什么本质区别。这次能吹的就真的只剩下时间逆转这个设定了……
深夜的阿斯伯格,4星,现在你们应该知道为什么那么多年我一直逆风撒尿，反向抽烟了吧
海樹,2星,全面翻车…如果放到诺兰近十几年的片子里横向对比…可能每一个部门的表现都是最差的。有趣的是，我们看的imax场连放映也翻车，还两次，如果影院第二次放映翻车（刚好是追车那场）倒带重放的时候不是直接空降十分钟前，而是真的rewind（哪怕几秒）的话，那这个观影体验也算值回票价了
艾晨,4星,我搞我自己
发条橙,4星,三刷。整体来说当然是值得四星的，但放在诺兰个人的作品序列中无疑是倒数的。百因必有果，你的报应就是我，罗伯特·帕丁森最佳，情感浓度与厚度皆具。在这部片子里，几乎见证了诺兰职业生涯最大限度的自信，可能是“自负”？！商业属性与个人表达的完美统一，野心太大，剧本、概念过于复杂繁复，赶时间的节奏却又难以让观众在有限的时间过滤消化（主要矛盾），因此《信条》对普罗大众来说确实太不友好了，甚至有一种俯视的态度和高高在上的姿态。有一说一，其实这也无关水平，诺兰依旧牛逼！但这次他很有可能要为自己的“任性”买一次单了，对！仅仅是“任性”。
安东,4星,“感受它，别试着理解它。”
Passer-by,3星,三星半，在高期待之下个人初次观影体验并不算太好。首先多处时光倒流打斗的精彩毋庸置疑，但多个时间线和时间流向的共存让人反应不及最后看得一头雾水。对我来说最大的缺点是角色刻画的扁平与苍白，男主机械地推进剧情发展，甚至不如反派形象鲜明。整部电影让人感觉看了一个很酷炫的科幻外壳，剥开以后里面是空的。
Nanccccccy,2星,Just Nolan embracing his inner Michael Bay with Moffat 11th Doctor shit featuring Daft Punk wannabe scores. Ken Branagh did some mediocre SNL style stereotype comedy act. 芳芳早日康复！！！
aid#_#trees,4星,世界能否存续，当然取决于个人的努力，但也要看到历史的进程。关于时间逆转的设定过于不科学，破坏物理规则太多，代价太大；命定说的悲剧内核没有打出关键一拳，比《降临》差一口气。几场动作戏都不错。
球球滚啊滚🌸,3星,全程在被音效轰，感觉身处音乐节现场。时间的话题被诠释地太重太笨拙了，不够轻盈，甚至也不够友善。除了结尾主角的哽咽，所有的一切都机械化到毫无人性。问题是动作戏也不精彩啊……视效也没有什么奇观感，还行吧，消遣用可以的。
11km,3星,“文科生是我的保护色。”
坂口健大郎,4星,我要说故事还是太容易懂了会被骂装逼吗？可是Oslo保险库那段一出来就像一个基础公式，前前后后的情节往里套就迎刃而解了，无非就是数值更大，项数更多。像数学等式一样，规律对称的美感，有多大成就感，故事就多没惊喜。到最后只觉得诺兰撬来次代蝙蝠侠，翻拍了一部复联4……
亲爱的猥琐猪,3星,本质是特工片，孤胆英雄阻止大BOSS利用先进技术毁灭世界、顺带拯救BOSS老婆孩子的那种老套路。第一层包装上时空穿越，回到过去企图改变现在的经典叙述模式。第二层加了逆熵物质的设定。穿过门我理解类似置身于除本人外全是逆熵物的世界。音效比情节感染力强。老实说前半段红蓝色调、反向火车、放置若干逆熵物存放柜的房间，古老的弹孔石板等片段真不错、后段却没有符合的惊奇景观呈现。一些疑点：1）逆熵时交待原因靠的是镜头，按理说原因该一直延续到开篇外，而非镜头一晃仿佛征兆；2）逆熵≠逆时间≠逆因果，当然任意门都有了这Bug不算什么；3）经典问题：发动隐身技能时要不要脱衣，逆熵环境各方面都考虑了吗？4）庞贝古城的TENET回文典故很迷人，但主人公没有体现这标题，他的“信条”似乎一直在摇摆。总体还行吧。
Maurice Moss,4星,Brooks Brothers被黑得最惨的一次
Irgendwie,未评分,我可太厉害了，看了个德语吹替版，叉腰了。
麦小白,3星,一个半小时之后就开始一知半解了，就不跟大家一起假嗨了，去找影评了。至于几刷看时间和心情吧。PS.虽然没看太懂，但结尾还是诺兰式煽情和浪漫，挺好。
达米并斯索老虎,3星,本质上是一个舔狗舔到天花板的故事。动活训军校学的走着逆走着正些一杂夹，音乐框框框框框框框，剪辑故意碎一点来营造一种人为的烧脑感但那烧脑感顶多是解开缠在一起的usb充电线。我感觉诺兰这人一贯的观感都比较像一个好莱坞冯小刚，对人类感情的理解极为感动中国，要说有多科幻的确无，香蜜可能都比信条显得科幻一点。诺兰应该给特德姜好好磕头拜个师学习一下什么是人类在时间中的困惑，不然再这么下去我怕诺兰吃太杂早晚得萎缩性胃炎。
Panda的阴影,4星,如果当初《敦刻尔克》只是有些许达不到因《星际穿越》而带来的高度期待值，那如今《信条》则是真的让我有点失望。在自我保密做足的情况下观影，电影的科幻概念并未足够惊艳到我（联想到《哈利·波特与阿兹卡班的囚徒》的时间转换器，有点像正叙倒叙一并进行的《记忆碎片》，不过时间正逆向同时进行确实有少见的新鲜感），漫长的剧情发展有时会觉得乏味（想着如果是像《碟中谍6：全面瓦解》那样完成一个接一个高难度任务式的故事结构或许会让我觉得更精彩刺激），部分戏份联想到诺兰的《蝙蝠侠》三部曲，如剧院枪战→《黑暗骑士》，徒手肉搏→《侠影之谜》，车辆劫持→《黑暗骑士》，飞机事故→《黑暗骑士崛起》……哎，总之，比起终于看到期待已久的IMAX版《信条》，还是上周五难得在影院观看到激光IMAX版《盗梦空间》更让我开心。
老珂,3星,7分，有一种强烈的高开低走体会。一部影视作品，最核心的应该是人设和剧情，剧情服务于人设，剪辑服务于剧情。前半段对人物塑造可圈可点，后半段已经感受不到人物的灵与肉。至于泛滥的烧脑之说，已经不重要。
翊从鸟,2星,一言难尽，首先确实非常精致，预算爆炸，但情节上真的不能说好啊，剧本设计的再nb，呈现上实在太差了啊，中间过程混乱，太容易就跟不上了，而且这种超现实题材，解释理论与不解释理论都很难让观众理解，我觉得我看就是看三遍也是懵的，而且我相信优秀的演出设计是能规避这些的，但诺兰没做到，很失望。从中间发现我跟不上以后，我就直接放弃了，当搞笑片看还挺好的，从中间一直笑到结尾，尤其是各种成龙式打斗，笑到呛到
瑞波恩,4星,诺兰版之时光机，烧脑酷炫，赢在创意，不过也是最为人诟病之处，如果不多看几遍不多动脑子，恐怕对信条是理解无能。时至今日，时空穿越题材已经没多大新意，机灵如诺兰便加入了许多新梗，比如“时间钳形理论”，新的“时间观”（过去未来融为一体，参照特德·姜《你一生的故事》），“反熵”理论，以及“倒步走”“倒开车”等，都是蛮抓人烧脑的新设定（真是不明觉厉）。但是这一次，诺兰的老毛病也更明显——讲故事的能力偏弱，从头至尾把一个逆转时间拯救世界的宏大故事拍得就像夫妻之间过家家一样（不过片中这对夫妻撕逼搞到全世界快要毁灭也真是前无古人后无来者），汉斯季默的配乐也太满了，应该留出一些留白供观者思考，一味地拼设定拼打斗场面也容易让人审美疲劳——追问一句，生命现象是反熵现象吗？必须是的，而且人活着就在于创造一些美~
风蚀蘑菇,3星,他的故事结构和拍摄烧掉的那些钱或许值四星，但作为普通观众的观感，是真的很无聊。观看体验大概是这样的：好像有点意思嘛我要认真看—我知道了所以呢—好无聊—好无聊然后呢—天啊怎么还没结束—蛤？怎么突然开始绕起来了—噢这里挺精彩—咦最后五分钟信息量超大怎么回事怎么就结束了？！在最后五分钟才告诉你，我是爱的战士晓美焰，是很信息量爆炸让人想二刷回顾，但前面的冗长和故意语焉不详的交代对一刷观众太不友好了。不过两位男主确实很基，真就君名了，想让人唱哦一切都是命运一切都是天意终究已注定~而且仔细思索又虐又好嗑，我在未来等着你什么的，可以在b站欧美cp混剪区里见了
宅蘑菇Moku,3星,"看这片子就像进了一个名声很响的豪华馆子，一落座就把卖相精美的饭菜按头往你嘴里猛灌，和着哐哐哐的音乐把人噎的喘不过来气也来不及细品，出了馆子咂咂嘴卧槽觉得嘴里咋全是糟糠呢？？……肚子还涨气！憋得慌！！！ 
几乎每个角色的动机都不明不白，重复的视效好像也只是为了酷炫而酷炫，去掉么也完全无所谓的，剩下都是说明书式的推进，就……很无语……别说看几次了，影片分析也一点不想看的。（那些闲的慌顺着影评来骂人的小朋友，你们找点有意义的事情做好吗：）我真的不在意你啊：）"
猪头妖怪,3星,整个观影过程里，大脑的确在疯狂运转，但情绪其实是波澜不惊的，银幕内外皆是如此。反派的心律至少还一度上过130，我肯定是没有的。老实说，“烧脑”的价值已经被严重高估了。一部电影的灵魂，归根结底还在于人物和故事，而不是设定。“烧脑”也不是一部好电影的充分条件，否则我去看别人直播解奥数题也未尝不可啊。
LF,5星,后半段场景可称得上brilliant奇观，也是同类型单时间轴时间旅行题材的一次创新。吃惊的是，你以为时间点A是最重要的交汇点（基辅歌剧院案+前苏联秘密城市核爆+越南游艇谋杀），但实际上最重要的环形交汇点却是两个男人直升机前的诀别，在那之后他们永不相见，但又正式相遇。这样的戏码15年前的诺兰肯定会煽情一番，但今天却拍得像消散的风一样。
曼仔,2星,诺兰完全不是我的菜……完全不是一部具有电影美感或者电影娱乐感的电影。诺兰对时间主题的执迷无可厚非，但是真的有好好利用电影这个表现形式吗……叭叭叭用一堆信息让演员直接讲出来怼给观众，反正我是觉得十分无聊= =
蒜 | BOY A✎,未评分,终于有了一部可以理直气壮看不懂的电影🤦‍♂️
昭和惊弓鸟,3星,看完让人脑壳疼，不停歇的高密集信息量填塞，让这种概念先行的作品少有情感流动的空间，以前诺兰的作品无论如何观赏性都是做足的，这一次嘛，尤其是实拍的飞机爆炸，未免......
暖,4星,最有意思的是一个参照系的问题，不仅是时间维度上的概念设定，也直接关系到整套视觉系统、力学原理、行动方向、乃至动作打斗设计方面。相当于整套动作片语法都变了。
朱尔赫斯,3星,不明但也不觉厉
凹凸,4星,猜中了大部分的伏笔，可是依旧只能囫囵吞枣地消化这个故事，可是的可是依旧想大喊诺兰牛批。先留一星给二刷。
U 兔,5星,心想如果评分低于8就打五星拉一把。这片跟科幻也没太大关系，就是借几个概念做个设定，形成一定的规则，从而在叙事和影像上做出有意思的东西。诺兰说什么就听，然后享受他在自己的游戏规则下创造的好玩的视觉奇迹就可以了。对不断创造影史的行为向来鼓励，一方面我热情拥抱新技术，一方面欣赏那些能把那些已被人类熟悉的东西进一步发挥到极致的行为。第一遍觉得基本规则看懂了，二刷可以再看些惊人视效背后的细节。一开始故事总冷冰冰的，大战后发现还是那个感性的诺兰。帕丁森就是那个金发的孩子啊！感动！还有“主人公”时间这一点感觉用得很好，个人意志问题和祖父悖论依然不可避免啊。
石头摇篮,2星,配乐真心不错，全听懂了。
风尘在,1星,脱离了电影的商品本质，完全变成了导演的自我狂欢，受众定位很不明确
SYUKAKA,未评分,满分100分，可以打69分，因为可以逆转。
SleepWalker,4星,配乐换人的结果就是商业味太重，比以往任何一部都重，这也是我最不满意的地方。剧作依然是值得反复揣摩的，诺兰的作品重心向来可以用两个字概括:结构，且每一部都会玩出新花样，这次通过倒置时间的构思再次编织出一个奇幻新世界，高密度台词和快节奏剧情嵌入两个半小时的体量里没有一丝冗余，难以置信。最后高潮是埋藏细节最多的地方，一刷只会留下太多残念。不多说了，我得喝一杯去，不然今晚无法入睡。///二刷后好感下降，人物除了帕丁森和布拉纳之外都不太立得住，动机太薄了，目前暂列诺兰生涯倒数第二。///三刷后对结尾还是挺满意，但诺兰这次抛的情感炸弹实在太晚了，一个又一个么得感情的工具人，缺乏铺垫的唐突剧本，球球下次别这样了哈。
基瑞尔,4星,"今天是星期五。Mr.Robert Pattinson is making a gorgeous, fascinated and juicy MAP debut at all. (¯﹃¯) ❤【最后几句的结论很戳人，有种前面耳朵挨的轰都被倒空的感觉。"
浣熊市逃生选手,4星,作为heist片是好看的。想象力和原创性没得说，动作调度进步很大，一些改变的尝试值得肯定。本质是诺兰做给自己的高级玩具，从记忆碎片盗梦星穿里选取了估计是他自己最沉迷的部分组合而成的游戏。30年的个人癖好全都在里面了，包括对间谍题材发自内心的爱。因为过于游戏/玩具而显得缺乏过往作品里的人性。这样一个导演我们不希望看他只做到这种程度。（配乐实在平平，倒是让人很想去塔林玩。男男戏算正常发挥😂
Wallys,4星,820台北媒體試片。諾蘭窮究「時間」體驗的技術實踐並科學執迷，讓1:1與之搏鬥的觀眾，注定要再度「折返」的電影。原本定律是從慢的回到快的，懲罰我們現實已然太快，要反覆折返，才能讓觀眾腦袋和心回來？大小區間、高低位階的悖論，以及逆向（Inversion）的必要，「逆」才有「流」的現形，但更重要的是往後一層的對抵，看這樣的區分如何讓表現與討論時間的語言受限。像是《異星降臨》（Arrival）的意符，影像的降臨扭曲我們的視界，和世界。事物擴散到未來，而你想要收斂，不過呈現出是其所是的自然波形。當要拿起來，得想的是放下去。要改變的時候，其實是為了延續。要毀滅的時候，要想的是愛。要奪取的時候，想的是給予。要以一種沒有開始和結束的生存方式，去保留世界的始與終。想要守護電影的過去，要奪取電影的未來⋯⋯
darkcat,4星,时间线比较绕，因为涉及到了时间逆转，但难懂这种节奏到底谁在带？
伯樵·阿苏勒,2星,作为一个前两天跟基友吃饭时竭力维护其地位的坚定的诺兰粉，也有点忍不了……
喜儿喂鸭正经地,4星,看傻了
阿树,2星,不僅致敬了周星馳，致敬了卡薩布蘭卡，致敬了希區柯克，還致敬了叮噹貓！高妹我可以 XD 盜夢裏的夫妻觀眾的延伸，想回到我和你好好相愛的那一天，可是就算時間逆行過去已經發生的也無法改變了。「不要去理解它，去感受它」。突然感受到了諾蘭的浪漫主義和孩子氣，還在做拯救世界的中二夢並將他呈現在銀幕上
杨迪,4星,第一遍看能知道这是个什么故事，但是内中一些细节或者对话确实难以理解，看完后还是需要再看解析才行。（我这算啥影评啊）
金刚,4星,诺兰带给我从没体验过的新奇感受，正世界逆世界的构制，逆向物理的奇观和新颖的科学理论基础，急需第二、三次观影，才有可能了解电影全貌。另外，诺兰这次在技术和叙事上更加专精，让人叹为观止。综上，不明觉厉！
蚂蚁没问题,4星,不追求百分百完全理解的话，看一遍是可以懂的，哪有说得那么难，几乎每一处时间逆转的伏笔，都很明显，对我来说，惊艳程度不如盗梦空间，枪战动作戏也太多了
zing,4星,"看了一会儿就开始进入“屏幕上出现了什么，我就看什么”的状态，就当看成龙的武打片，看个稀奇😂。
哇，爆炸！
哇，倒放！
哇，飞车！
哇，枪战！"
其实我也很萌嗒,2星,看了预告觉得这部Nolan又要扑街了~ #疫情之后在电影院看过的第一部电影 一脸懵~ like  WHY? 虽然满满的Braid的感觉很快懂了但是剧情真的需要搞这么绕么?
土嗨八贤王,4星,诺兰空有A类制作的资本加持，却在B级片的道路上一去不回头。事实上，《信条》的创作气质内核更像《敦刻尔克》。同样概念先行的影像实验，这次提出的视觉母题显然比后者更加炸裂。正反双时空的平行推进，看似完全背道而驰的动作逻辑，却在以谍战动作片为外衣的影片中同时进行。这是真正意义上电影打破常规思维叙事逻辑的时刻，它为感官带来的刺激，绝不亚于电影诞生时对人类的冲击。从此以后世界电影必将由此开拓发散出新的疆土。这方面来讲，《信条》的先验性是划时代的。但是，诺兰也的确在概念创新的基础上，越发忽视情节对于电影的作用。虽然《信条》有如《盗梦空间》一般激烈的枪战动作情节，但所有角色完全沦为类型片的工具人物。如《敦刻尔克》一般，他们仅仅代表各自的身份符号，更甚至是动作的载体。对于A类大片来说，这种标准是远远不够的。
忘我洗澡,5星,谁发明的“烧脑”这个词，拉出去打死，完全不烧脑，二刷后表示烧的是音响没错了。对观众来说，诺兰哥哥的剧本更像本格推理故事，铺开线索，一点点解开谜题。在故事的精巧有趣方面，诺兰做到了极致，只不过为了故事牺牲了太多角色。但是我一点都不在乎，一个人把他最伟大壮丽的想象展示给你看，还有什么奢望呢，我永远都会记得他呈现的未实现的末日，无垠的宇宙和人类的温柔。
迷特波鲁,3星,三四星间徘徊吧，看肯定是没看懂的，音效演技和设定是一贯的好评吧。出影院和家属讨论，部分简单的迷思解开了，但整个故事的推进逻辑（非时间线）还是无法理解，比较牵强。。高赞影评写得比电影本身还玄奥，看了一小时没看完。。上一部影院电影是一月初的美丽人生orz
T.V.Zoe ி,4星,就是一上来就猜到那个谁是那个谁了  好像也不是那么烧脑？整个有点拖沓  结尾真的有大话西游的感觉诶……故事层面我大概没有完全理解吧  但是奇观部分还是做到了  做好了  有爽到 可以了
赫恩曼尼,4星,迷失在诺兰的时间迷宫，却仍然被他玩转一个概念的执着给迷住了。归根结底还是在讨论一个老生常谈的话题：如果你有机会回到原初时间，改变一件事，你的命运最终是否会逆转？大概因为有九个月没进过电影院，一面被腰酸背痛折磨，一面忍不住被卷入画面和声音的秘洞。像重新活了一把。
江煙,3星,披着左派的外衣（一点人人平等，一点女权），用父权的方式与姿态在电影院内（拯救世界）外（烧脑/多刷/智商）讲故事。炫目的爆炸，浓郁的配乐，用形式带动情感。诺兰依旧那么心虚……宁愿多看两遍《盗梦空间》，至少呈现得煽情些。
女神的秋裤,5星,看一身鸡皮疙瘩，对“逆向”的呈现让人叹为观止，诺兰独有的美学让电影回归本质，却又挑战电影本身和传统思维。有些人用生命抹平时间的伤痕，他从未存在，我们却因此活着。生命即负熵。“Life feeds on negative entropy·”——薛定谔。
redhousepainter,3星,已经很难说这是电影还是电子游戏了，这也绝对不是致命魔术2.0升级版，一部电影被肢解成一堆知识点就跟bob dylan一首歌写几千字的歌词被人逐一考据一样，这到底还是不是音乐是不是电影真的因人而异。结尾上字幕时响起一首trap，诺兰加trap惊了！
希夷子,4星,之前听说下一个詹姆斯邦德要找黑人演，诺兰这不就拍出来了，好有效率啊。
Virgil,3星,和预计的观感差不多，看完没有任何特殊感想（除了“再次拍出了婚姻最美的模样！”）。像是有个好概念的人急于想展示概念给你，然后匆匆忙忙来不及打磨故事人物那些“花活儿”了。也许是一遍看不明白，可也没有让人想再看然后弄明白的兴趣。
sTill-Life,3星,🙂 院影的出走着退是我信不信
littletwo,3星,不太行，无聊。诺兰在重复过去，且没重复好。
我爱罗宾,未评分,。 了 罢 放 倒
李阿斗,5星,感觉、肉体、熵都会被倒叙，可是意念不会，思想可以回到过去，也可以抵达未来。烧脑，顶着疫情也要再去电影院二刷！Neil和男主的初遇何尝不是久别重逢（误
毛小惺,3星,半年没进影院就给我看这个？呵呵，烧钱不烧脑。
艾弗砷,3星,"《信条》的信条：只要我交代的信息够快够乱，观众就追不上我。
对白故弄玄虚，扰乱视听，堆砌名词和巨量细节，阻碍观众的想象力，防止观众有时间思考。没有人物塑造，主角连名字都没有。诺兰试图将本应留给观众想象的东西全部转化为视听，轻盈和飘渺被具象化，失去了余韵。所有人急切而无谓地穿梭于时间，只是为了确保一个必然发生而且在未来看已然发生的结局。大家都是棋子。这是个宿命的故事，却没有宿命论的忧伤，反而升起了拯救世界的干巴巴的自豪。
“时间钳形运动”等一系列闭塞的自我设限是最蠢的设定。在《盗梦空间》限定短暂的梦境无可非议，但这部电影妄图用这种简陋的框框来限定无限绵延的时间，就有点可笑不自量了。
开倒车追车这场戏成了片子的缩影。看开倒车看了几年了，又在电影院看诺兰开了一次。倒车大概是我们的时代精神了。"
oroe93,3星,睡着了睡着了都睡着了
DarkStar,3星,非常失望 当诺兰去除掉过去那些情感 价值，走向更纯粹的概念化，并没有让人看到那个真正好的诺兰。我只看到了一个用因果链牵引全片的导演说在电影中说：不要试图理解，要感受。这真的是笑话。
Gabrielle_lu,2星,怎么说呢，打低分好像是彰显自己看不懂，打高分又好像是媚俗跟风吹捧，里外不是人。但我真的不懂，为什么男主一上来就可以如此信任Neil、印度老女人和Kat？而且诺兰对待人之间的感情真的非常简单粗暴，基本就是“设定就是这样我喂给你了直接给我吃”不给任何development。人物也是，看完特别搞不懂两个男主什么人设，性格如何，Aaron Tyler-Johnson更是像忠诚设定的工具人，我？？？
空语因明,2星,熵都成了高级概念了？故事动机向三十多年前的007看齐，动作场面向20年前看齐，还有导演崇拜，就差喊heil Nolan了.
Alias,未评分,只要不乱跩人性大义、形而上学和爱的力量，诺兰就还是个好兄弟。感觉理工科直男眼中的Lynchian电影和LSD trip大抵就是这个样子咯
梦魇马戏团,2星,"我觉得诺兰的三个过人之处：
一，以科幻为幌子的创意性文本结构，这个不用解释。
二，蜻蜓点水，略微直男，但还是能够驱动剧情的情感动机，比如「盗梦空间」歌蒂娅在坠楼前凝视莱昂纳多的眼神。
三，视觉奇观和未来工业主义精致美学，21世纪的包豪斯。
然而，「信条」里只有走火入魔的一（其实也不过是「星际穿越」未来人剧情的扩写），二三条则彻底缺失：德比茨基的母爱和帕丁森的友情两条情感线索完全失败，与男主无关，失去驱动力；被寄予厚望的「正反向」视觉奇观做得不够，美学上也毫无建树。
「信条」大概是诺兰职业生涯最差的一部电影。
范文昊在散场后播放了张杰的歌曲《为爱逆战》，非常适合作为本片中文主题曲。"
猱困困,未评分,再也不赶零点首映了，睡了三分之一= =
深邃,5星,没看懂，很像我第一遍看2001. 于是又想到罗杰伊伯特谈过的2001世界首映：一半的人边退场边吐槽这什么破玩意，另一半看到最后的人意识到他们观看了有史以来最伟大的电影之一。很荣幸，我是后一半的人。
木卫二,未评分,观察了周围观众的反应：几乎都是面无表情，深度麻醉，诺兰你说啥就是啥吧。以结尾高潮蒙太奇为例，两边都没有任何紧迫感，能也建立不起来对人物一丝共情。人类世界灭亡到底会是什么样子，都是嘴皮子生意，它甚至不如灭霸那响指直观。家暴护子就更是灾难了，完全是直塞给观众的设定。两个事加起来也还都是仔简单不过——电影领域被摩擦了几百上千回的玩意，非要故弄玄虚。
虚清,2星,就不能让反派赢一回吗！！！这个反派虽然不帅，但是志向远大啊！！人家甚至都没想人类灭亡，可是在拯救世界呢！！设定也靠反派！推剧情也靠反派！感情戏也靠反派！（你们主角才是拖后腿的真正反派吧！）【诺兰下回你再想整这些幺蛾子真的带上李安吧，李安虽然也瞎炸一气，但是文戏好太多了。（可算明白为什么有人讨厌双子杀手了）【黑人白人坏人女人，这个主要演员的政治正确含量是惦记奥斯卡呢？前面几部可都没这样啊。【快别拿魔法少女小圆比了，魔法少女小圆比这好看一万倍！人那才叫奇观呢！
moson,3星,其他都其次，主要是难看
打家劫舍🌠,2星,"#个人第900部#几乎汇聚了所有我在诺兰电影中讨厌的元素：简单的人物动机、直给的剧情、单调的动作戏、乏味的文戏（个人认为是诺兰作品序列里最糟糕的）……在大量的物理高概念支撑下，“烧脑”成为最大噱头，观看电影时最直接的情感共鸣被消解了。此时沉迷结构与设定的诺兰正如彼时沉迷技术的李安，在为自己架设一个逐渐顽固的囹圄。
（PS:诺兰深谙腐女之道，两位男主分属红蓝两队，攻受CP属性一目了然～同人文火速安排！太好磕了吧！）"
文森特,3星,子弹退回枪里这个设计在《记忆碎片》里就玩过，但是是作为画面倒放。制作特辑里还专门解释了制作技巧，就是画面倒放的时候声音不能倒放否则很奇怪。也许这点东西成为这部电影的灵感源，只不过视觉听觉都倒放，让逆行成为现实。如果观众在观影过程中觉得自己像个白痴，不是这部电影很屎导致你不适，而是因为你在看屎不断的回去让你很不适，尤其后面有人在拉，有人在收，并且同时发生，不疯才怪。不过说正经的，从时间正向来看，不管正的逆的都真实发生过或发生着，是不是也就意味着一切本来都有了结论有了定数，不管过去还是未来。所以眼前看到这一切都是瞎折腾啊，或者说无数个平行宇宙的结点我们都错过了？刚好看了这一版？此片最大的票房贡献者将是公众号写手们，加油！全球电影复苏靠你们了！
書衣偵探華斯比,3星,故事层面就是一个比较一般的间谍片，乏善可陈；题材上就当成时间旅行题材就行，各种形成闭环的方式，基本也是“哆啦A梦”式的老梗；动作戏由于“逆时间”的设定，看着挺别扭；视觉奇观方面，我觉得不如《盗梦空间》；另外，男主我还以为是哈登。三星半吧！
不瓜迪,3星,倒流时光救紫霞仙子我懂，救Kat真的不懂
更深的白色,2星,还是延续了非常好用的方法论：设定驱动结构，结构自然催生张力。但在第二步上出现了巨大的水准滑坡：情节填充得太硬太不思进取，每个关卡的设定比关卡本身还要交作业式的应付。且不擅长的场面调度和剪辑又严重降低了整体质量，看不懂真的不一定是因为剧情太烧脑，而是他在场面的设计上远低于好莱坞的平均水准。
20个小明≯,4星,诺兰的取舍显而易见，与其重复以往满足普罗大众不如放飞自己一骑绝尘，比起那些吃老本的炒冷饭宁愿看这种不明觉厉永不止步的新东西……
浩子菌,5星,后劲太猛了，以至于晚上看完就作了一些奇奇怪怪的梦，个人感觉《信条》可能会是诺神目前为止所有佳作里头最有争议性的一部了，也是观众有生之年能在IMAX大荧幕上看鬼畜（倒放）了吧。影片开头主角与研究员的对话就奠定了片子的因果理论基础，只是这一次是“先果后因”，过这一次不是穿越了而且顺和逆的时间方向并行，这也是诺兰牛逼的地方，同样一套理论也能玩出了新花样。就像片子里说的：“不要试着去理解，而是去感受”，我想这也是观影此片的第一守则了吧。
魂,未评分,明明说好不要试图去理解而是去感受，以为诺兰这次要进入到全新境界迎来二峰了。结果不仅没给观众带来耳目一新的体验，反而变本加厉塞入大量台词解释来解释去（可还是解释不清楚，那就扔给观众自己去多想多刷吧）。严肃不严肃、烧脑不烧脑都是次要的，这么巧妙出色的点子没有找到一个合适的故事来把最有趣的部分展现给大家，反而玩的比一般穿越片还要俗气，这才是核心问题所在。它本身就要求极其强大的调度能力，可一向重视文本的诺兰这次还也扬短避长，导致片子越演到后面我对故事走向越冷漠。以及这个动作场面真的是太不必要的拖和乱（炸飞机能炸的那么无趣），同样是实拍真应该请教下阿汤哥和迈考利是怎么兼顾起节奏和观赏性。
红彤彤的彤,4星,"上次大银幕竟然已经是去年的事了。疫情之下，惨淡的影院每场只允许卖1/10的座，余下空着，保持社交距离。冷气倒是一如既往给足❄️

好在看的是这部值回票价的硬核烧脑片——TENET⭐️⭐️⭐️⭐️ Christopher Nolan回归自我之作。

不同于《盗梦空间》的梦境穿越和《星际穿越》的四维时空，这一次TENET玩儿的是时间逆转，正序倒序时间线交织......150分钟要看到后一半，才恍然理解前一半。这就是诺兰电影很多值得二刷三刷的动力吧。

美中不足的是惊艳的叙述结构套了个孤胆英雄拯救世界的好莱坞旧壳，那个旋转门和算法零件也看起来太过粗糙简陋。

观影前适合预习/复习一下墒增定律、热力学第二定律、祖父悖论、钚241、哆啦A梦......"
王仙客,5星,一刷的感受，这是盗梦空间版的记忆碎片或者记忆碎片版的盗梦空间，都行。时空的概念被赋予了新的创意，这部电影的信息量之大结构之巧都会给你不一样的观影体验，走出电影院你知道电影讲的大概是什么但没有头绪，无法分析它，所以第一遍的时候：不要试图理解它，感受它。然后找个时间再看一遍吧。
CD雯,3星,作为死忠粉的我。。。给了三星
宜乎众矣,4星,懂看暇无：700
菠菜,3星,观影体验还是流畅的但是不想看第二遍抠什么细节了。。。这片子建议改名《王中王》，既霸气又不怕各角度颠倒！
肥树,3星,整体看算是二流片子，画面上逆拍时间线还挺有新意的，所谓高概念就那么回事儿（还是有bug，但节奏一快遮百丑）。主故事线中规中矩，毁就毁在白左人设，黑人主角不说了，孤儿寡母的太出戏，如果把注意力放在男主和他的好搭档之间就能强不少。（大概是个环形使者那种档次的玩意儿吧）对导演自己来说三星，横向比还是个4星吧
草莓味的姗姗。,5星,"英国场，懵b出场。我以为是听不懂的缘故，看英国大叔大妈们都一脸懵地走出来，我就放心了😂。个人理解就是对折时间，一个空间两个时间两个flesh，让毛子拿到小金盒，也是为了救女人，毛子发现了tenet的运作规律，所以知道一切果都因为女人这个因，所以暴戾。一开始毛子抓住男主是另一个结局，是他发现了男主是tenet的recruiter，是第一个人。其他的时间线基本都在救女主那里对折了。尼尔往前活往后活都是活，但他相信what happened had happened，这一个Uturn他牺牲了，万一再Uturn一次，他没有牺牲在里面，闭环就失效了。所以See you at the beginning.
作为电影爱好者，和电影学习者，献上膝盖。不管智商、视听语言、导演功力，跪了，这辈子都赶不上了。"
糯木,4星,🙃。头开的影电传自他是TENET，器机间时明发天一某的来未在会兰诺猜我
臻圣,4星,诺兰对时空理念新的解构和玩法。摒弃传统“时间机器”的老生常谈，前期不惜花近2/5的时长来铺垫、谈设定(未来人研制的时空预判以及时间的熵增熵减)，唉物理知识匮乏理解起来确实很棘手，正如片子所讲:“跟着感觉走”;诺兰很快用反转闸门的初次演示来表现影片缔造世界的全新奇观，“莫比乌斯环”式结构搭载“时间嵌套”——不断结绳推进再解开，重塑;回到了诺兰对时间视觉化的常用手段。几次回溯都是环环相扣发展的，后面解释时间嵌形运动采用红蓝两队的方式(红顺蓝逆)置入战场，对顺逆时间流逝的直观呈现;多线平行叙事将战争推向读秒高潮，虽然最后也没等到那颗信号弹，但结局还是蛮意犹未尽的。
独自退场,3星,倒放罢了。。诺兰再次完美诠释了文学和艺术不是光靠点子和将点子具象化的才能就能成其为好的作品，不是诺兰不会讲故事和拍情感，而是他不屑于去拍，而况讲故事和情感也不是作品中最重要的东西，那最重要的东西到底是什么呢？我TM也不知道，因为叙述和结构好像也不是。
连城易脆,4星,三刷过后大致有这么几个感受吧，首先眼看着豆瓣评分从8.4降到7.9，票房也远远低于预期，说明一方面以【烧脑】作为营销点看来是一个错误的选择，另一方面诺兰的电影风格的确是一种【汝之蜜糖彼之砒霜】的存在。除了剧情外，大家都吐槽的配乐声音过大，其实也是因为使用了谢泼德音阶的缘故，我个人是非常喜欢这种震得肝儿颤的感觉，确实可以很好地让我代入情绪，当然也能理解一部分人受不了这种喧嚣而感到痛苦，但是我非常反对IMAX总部让各家影厅降低5db的做法，这种两头不讨好，觉得吵得还是会认为吵，不怕吵的会觉得不过瘾。至于很多人认为诺兰这部电影缺乏情感内核，显然没有呀，否则又怎么一下子多出那么多磕CP的同人海报、视频甚至是文章呢？连我这个从来不嗑的第一次感受到了嗑CP的快感。最后无论如何，罗伯特帕丁森恐成最大赢家，几乎都是夸的。
paracelsus,3星,pointless
HurryShit,2星,今日秀泰一刷，美麗華IMAX二刷。最大悖論不是祖父悖論，是那句「不要試著理解，去感受」，電影最貧瘠之一即直觀感受（跟西裝笑話一樣是自嘲吧= = 全片就是一場鋪張奢華、喊得震天價響的障眼法，在黑特工片很蠢吧）⋯正逆打鬥、公路翻車（但緊急煞車打廣告吧）還算刺激，但就是一次性（至於弄了一台飛機，結果慢慢去撞倉庫著火⋯），跟《全面啟動》一樣，奇觀性無法在創意升級，後面就是搞大場面，上戰場、平行剪輯、音樂轟炸，可是戰場士兵用走的倒退嚕蠢斃⋯大樓炸毀倒轉就盧米埃，Kat那條線關心擦防曬油、把地板弄滑是啥雞毛細節⋯實拍堅持亦限縮奇觀施展。緊張感極低，世界毀滅說說而已（且太容易就毀滅，反派死、自己碰到自己都可，根本兒戲），也沒流幾滴血，靠反派臉部大特寫咆哮加紅光嗎？= = 全片成就的情感核心是BL。
Steamed Punk,3星,能看到史上最美的五方值回票价（
私~川流,4星,很有趣呀，大约是诺兰把自己的续事理念推洐到极致的产物——从前讲故事只是不按线性顺序交待前因后果，现在干脆划掉这一物理规则。//本片也是在这个时代对三战的合理又疯颠的现象——现在我们相互看不惯，想着脱钩敌对——可说不定未来人想把我们这个时代从历史上抹掉——有点幽默呢，诺兰。我们这个时代唯一值得称道的，就是电影技术够拍这么一部作品了吧。
A-sun*,4星,对暮光男主刮目相看。
紅［已注销］,1星,诺兰最差。角色失去了生命，剪辑失去了时间性。他把整部电影堆砌在一个概念上，尽管这个概念不错，但也是全然失败了，因为信条里没有“时间”，取而代之的是近乎混乱的交叉剪辑。
几原,3星,对拯救世界的设定越来越嗤之以鼻（btw看完回家差点进不了门
撇横横竖,2星,不是看不得看的懂的问题，是根本就不好看的问题。这么无趣一故事，硬套上再酷炫的熵、逆向运动、时空穿越，未来的我、过去的你这些概念，也还是无趣，反而显得装逼不成反糊涂，人物、情感、动作都很糟糕。我一点也没有理清这些的欲望，只是硬撑着没睡过去。总之完全不是我的菜。虽然早就对诺兰粉转路，但看到他这么蒙着眼一条道死奔，还是觉得好遗憾。
Tyger Tyger,3星,七分还是有的。你只需把整个叙事框架仍然看作是正向单线时间的，而所谓“逆向时间”仅仅是表面渲染的马赛克，而诺兰比其他人的优长在于他能把每块马赛克拼得严丝合缝。大众才不在乎那种知乎般把“逆向时间”阐释得一二三四的所谓理解，有那那功夫你去读个现代物理学硕士给我看看～～
传说北美狗鱼,3星,大学物理从来没有说过反物质和熵减少等价于时间逆转。
1nsomni4,4星,"因为我看不懂，所以它很牛逼，我要给它五星
  因为我看不懂，所以它很垃圾，我要给它一星
  其实这两种思维都挺迷惑的。影片确实精彩，也确实有很多不足。以二极管思维观影显然是不可行的。"
花椒滷豆腐,3星,有點沒辦法在乎這部電影。
我像蛋挞,3星,原来，全世界都在等开明独裁者。
突然粉碎,未评分,的确mind-blowing，unbreathable，但是逆时营救不难理解，想了半天就是高配版穿越火线吧，双方粉丝别狙我，狙我就是你对，诺兰牌碎钞机，下次再爱（守护最好的五方，古有沉香劈山救母，今有Neil最美逆行
古天娱,4星,想看：希望是原创的科幻片！！！看看诺兰的脑子里还装了啥！看过：很遗憾，我挂科了。。。这啥，不对，那是啥？卧槽，卧槽？还能这么玩？我日，原来...不对啊，我干，没了？？
酷k,4星,离开电影院我都是倒着走回家的！
Luc,4星,对于任何挑战认知的勇敢都应给予鼓励，哪怕这种挑战有多么偏执，多么自负。
摧为薪,3星,浪费时间看一群傻逼偷杠铃，还不如留下把牛筋丸吃掉
朱老板,4星,看完开车回家好紧张，生怕前头的车屁股会加速向我冲过来。
Bienvenu,3星,既然放弃了人物，想玩纯概念，最后就不要耍感情戏码了。
李不言,4星,7.0分。电影导演大多有创世的欲望，一般的导演都想创造一个未来科幻世界或者架空幻想世界，但诺兰感兴趣的是改变我们这个现实世界里的某些具体的时空物理规则，成为我们这个世界里的上帝。他过于迷恋物质现实的质感，以至于他的电影虽然时常背负着科幻之名，却很少为我们展示真正的未来主义视觉构想。毕竟诺兰志不在此，他一直在不断深耕着的是类型片框架下的叙事结构探索，《信条》宛若《记忆碎片》（正逆向时间线交叉）与《星际穿越》（未来插手过去）的核心概念的集合。全世界大概只有诺兰有能力有意愿也有魄力在好莱坞A级制作里，完成这样一次同时挑战观众观影极限和现实经验的正逆向时间线叠加的叙事实验。诺兰也在商业片领域内完成了一个只有他才有资格去完成的电影文本上的挑战。无论成败，他都将为自己、为好莱坞电影指明或查封一条新路径。
月野狗,3星,"龙湖新壹街CGV IMAX 场11排14座男士，很佩服您能够在铺满bgm的全片，以穿云过耳的音量，边震动身躯边抱紧您的女朋友，对她进行枪战爆楼都压不住的mansplain。如果您也用豆瓣，今日份看片我不赞美诺兰我赞美您，请一定收下。BTW 其实《信条》如果片头有一段红色漫画，然后出现红底儿银字MARVEL，我会给五星吹爆。
但它是诺兰的，这不能接受。"
迦南Canaan,2星,150分钟我干点什么不好呢？我宁愿在电影院里看150分钟的拉夫·迪亚茨都不愿意在电影院《信条》二刷。
梧桐树下你和我,4星,慎重思考了很久，还是给了它4星。也许以后3刷，4刷后 会改变分数，在1.43的IMAX银幕加持下，开头歌剧院那场戏，伴随着激昂的电子乐，那压迫感真的是，难以形容，虽然看不懂里面的人物关系，但是就是那氛围能让你紧张得不行，前半段都是线性典型传统谍战片的叙事，很容易理解，从中段开始你所认知的整个世界开始崩塌，以一个极其烧脑的时间线伴随着那闻所未闻的视觉奇观，把你过往所看过的任何一部关于“时间旅行”“时间穿梭”的电影全部推倒，祖父悖论把过往的所有时间旅行的电影全部给狠狠地推翻，取而代之的是一个难以理解多重时间线，还能把“过去”变成“未来”，就像魔比斯环一样时间翻转，却又能正常进行...靠自己理解说出来这个话都觉得很别扭..更别说电影这高速发展的剧情，真的是在看着我摸了摸我脑袋真的是烫的..概念炫爆
мая,4星,7，通过这个电影诺兰彻底确立了他电影花活之王的地位，诺兰用两个半小时完成了一场倒放在类型片运用上的影像实验，但这个实验其实特别顺拐，特别既视感，特别诺兰，他终究没有跳出记忆碎片和盗梦空间的舒适区，拍了一个包装得很先锋的但实质特别老式007的科幻政治惊悚电影，实话说是有点失望的，不能算诺兰生涯最差，但跟记忆碎片这样牛逼的作品比，差距确实很大。相对而言动作戏和音效上的倒放实验但还能算是电影为数不多的亮点了
风满蜃气楼,4星,最后十几分钟一晃神就晕了…隔段时间再二刷吧，诺兰兰爱你呀（结尾也太《明日的我与昨日的你约会》了！
捧与挖,4星,"居然最后在英国几天还能赶上《信条》先公映不愧是我😎
1.这个电影不存在剧透，因为肯定不止我一个人有点看不懂哈哈。不过没关系，电影原话是don't think, feel.
2.真的好贵，诺兰就是拥有驾驭金钱的能力。IMAX可以安排上了，很值票价。
3. bromance就是坠吊，see you at the beginning, bro.
4. 因为逆转时空过于宏大，不是凡人的情感驾驭得了的。情爱生死在这些极端思维高概念面前不值一提。弱剧本强概念，感觉评分不会那么高。
5. 我觉得有一点loop的感觉，恐怖游轮那种；也可能是我没看懂。期待大家9月4号看完再聊啦😋诺兰电影的乐趣不就是大家一起猜猜猜嘛～"
水木丁,未评分,最后一幕泪目了，豹尾！
ChrisKirk,2星,诺兰为每个人的每次行动都贴合了一个看似完美的理由，这个理由通常表现为一个亟需完成的任务，哪怕这个任务是荒诞的不合逻辑的，而为了完成这个任务，时间的合法性可以被取消，甚至可以说任何事物的合法性都面临着外部的挑战，于是随着任务不断迭代，事物的稳定性递减。但是，正如当我们深入到人物内心，会发现他们都缺少一个能够说服自己和观众的动机一样，诺兰在电影中始终没有严格区分「外界」和「内部」，世界的「混沌」的，因此在整体呈现上，尽管人物的纠结和挣扎牵引着观众的注意力，但是每个人的敌人究竟是谁？他们的委托人又是谁？针对种种语焉不详，从而转向拓扑结构未尝不可视为一场精巧的设计，但同时这也是一种疲于解释的懒惰，因为所有问题最终都会回归到每个人自身。
金属弥赛亚,未评分,不要细究原理，通宵研究热力学和量子力学也没啥用，要感受，感受才是最重要的23333.评分待我研究一大堆资料后再说23333
犯怵中的嫌疑喵,未评分,五方可真是工具人之光（二姐好好学学
亓绿。,3星,不如盗梦空间
莫呼洛迦-屁股上的青春在歌唱,5星,讓我們先跳脫出諾蘭的「時間理論敘事」用諾蘭一直在影片裡告訴大家的話「不要去理解它，去感受。」整部影片於我來說就是一個「修復」的故事。從弘大的世界修復，到微小的、私人的情感修復；在正逆交錯的時間流裡交織出不可修復的遺憾，譜寫出命定的哀歌「發生已經發生」。諾蘭的厲害不僅限於他能把一個簡單的故事和理念用繁複的手法和驚心動魄的畫面來呈現，還有他仍相信愛的力量。
半弦月,2星,诺兰优点：善于在画面中营造渺小感， 制造空间反差，满足横屏的视觉享受；简单介绍任务，靠动作进程理解剧情，理解的滞后；概念本身的应用创新，先圈定，再突破
海超人,2星,越想要改变历史，越是成就宿命，看一集哆啦A梦就明白的道理，为什么要花整整两个半小时！
冷杉,4星,带着大家学剪辑呢。看之前，弄懂什么是无缝剪辑，什么是跳切，什么是蒙太奇。实在不行，看一遍《波坦金战舰》、《精疲力尽》和《自己去看》。
moonromancer,3星,对我来说就是加了一些猎奇设定的普通特工篇……无聊到打瞌睡惹。怎么那么喜欢拿top250说事儿啊，行吧就侧面证明我跟所谓的豆瓣top真的合不来
丹朱AI🌵,4星,某个时刻，对一个人是初见，对另一个人是告别，这种复杂的感情只有科幻片能表达了。“诺兰看到时间就像昆汀看到脚”是谁说的？太好笑了。
江声走,2星,现在是不是流行商业大片找丑的人来演啊？主角丑真让人看不下去！
阿怪,5星,在实验性质的《敦刻尔克》之后，诺兰又重回自己最得心应手的领域，玩起了脑洞大开的高概念。电影全程无尿点，每一秒都让人享受其中，无论剧情、节奏、配乐都是顶级水准，当然烧脑也是必然。片中的飞机撞楼、车顶爆破等名场面让人印象深刻，最后一场高潮戏更是看得不敢喘息。作为诺兰脑残粉，观影过程中几度冒起鸡皮疙瘩，可以说给予了我近几年最佳的观影体验。总而言之，《信条》在我看来，足以媲美同样是玩“时间游戏”的《盗梦空间》（PS：因为《信条》第一次get到罗伯特·帕丁森饰的气质，对新蝙蝠侠也多了几分期待。）
灰色堡垒,3星,前几年特别喜欢诺兰，看到这部还挺失望的。从头到尾都在讲穿越时空这件事，感觉有点钻牛角尖了。更不用说很多地方就是在重复以前的自己，我都能明显看出这里是《盗梦空间》，这里是《黑暗骑士》，这里是《星际穿越》……
哥谭骑士柯镇恶,4星,我理解《信条》还是有些优势的我觉得，毕竟我是个山东人，最擅长的就是倒装。以后山东人说话的时候，字幕上一段是红色的，一段是蓝色的。
皮带挂腰杆,4星,"女主大长腿真美！！！
设定好玩，特别是倒着飙车哈哈哈哈哈 可是一波又一波，有没有悖论暂时还没想出来。。。最后¥$%^*还扎了老夫的心，难过。"
傻乐的猫,3星,一个能绕回时光倒流的绝症患者，可以回到过去让自己提前手术免去一死，而不是拉着人类配着自己死。
skyscraper,3星,诺兰用实力证明库布里克只有一个。
陈矮,2星,诺兰的两板斧可能就真的是画面上实拍奇观+剧情上脑筋急转弯吧。抛开正放倒放再正放造成的时间线交叉刻意给剧情带来的混乱谓之烧脑以外，好像内核依然是时间旅行片古早的祖父悖论和平行世界概念吧？对因果论的反思最后是啥？没有因（阻止炸弹爆炸），就没有果（世界就不灭亡）？未来的果是今天的因？诺兰所谓的高概念拿来探讨“救一个人还是救一城人”、“要完美还是要人性”、“选择真实还是虚幻”可能还有点道理，但是最近几部变成“假如爱是超越时空的拯救”、“用倒放能不能拍电影”什么的，就占用公共讨论。。。
梦里诗书,3星,在长达150分钟的时间里，你是否能跟上克里斯托弗·诺兰的脑回路，决定了你是否会喜欢上《信条》。庞杂的信息量，复杂的剧情解构，以及多时间展开的叙事手法，都使这部电影所致力展现的是独属于诺兰的概念科幻，然而当所有角色都沦为了工具人般的存在，支撑这一概念科幻的抵柱也变得虚无了起来。
暹罗copen,5星,你 守 护 她  。你 护 守 我
Otocolobus,4星,听不清……真的听不清，导致很难懂。感觉再看一遍也没法解决。开头很迷惑，到中间开始揭露的时候还蛮爽的，结尾大战真的没太明白……I am the protagonist竟有点中二哈哈。另外实景拍摄真的好费钱，被买飞机真撞飞机的操作惊呆
老阿飞—故园,4星,"信条的核心概念太反直觉了。

观众看片的时候会下意识的猜情节，但是信条因为他的核心常识反直觉，所以观众没法正常的进入情景，体验感会下降。

以及，观众情绪的起伏，也是要建立在对于情节的理解之上的，看的一脸懵逼，是没法体会角色的付出和心理转变，所以对于角色也产生不了情感共鸣，所以到结局也还是一脸懵逼。

最后，翻译太烂了！！！什么几把！！！世界观设定、角色动机，从字幕里完全得不到清楚的解释！！我觉得翻译本身没看懂这个片儿就上了，基本上等于机翻润色的级别。

对于观众懵逼，翻译至少要背一半的锅！"
坏机器,3星,对诺兰抛设定讲故事的伎俩感觉厌倦。电影的文本太封闭，活像一个迷宫，或者一道数学题。其本身的生命力也随着“解题”过程的完成而衰竭，然后观众就眼巴巴地等着他们的“诺神”出下一道题。而且就算如此，《信条》也没有《盗梦空间》的酣畅。因为它为了完成结构上的对称强行削弱了叙事弧的曲线，使之不像抛物线，反而成了轴对称图形。电影的紧迫感纯粹是由bgm烘托出来的，150分钟音乐基本没停过，很吵，且质量不高。
Linus Yu,2星,再也不会对诺兰抱有任何期待！
希林,3星,"求求了 别装逼了
先把音效和配乐做及格好吧"
草上僧,2星,什么狗屁逆熵，都是些唬人的花架子。 故事的内核其实有点像贾木许的《控制的极限》。有趣的是，主角也是个忍者式的黑人。
Xieirse,3星,诺兰生涯倒数前三的作品。剪辑完全服务于推剧情，所有人物都是服务于剧情的工具人。而且只要明白诺兰的剪辑全都是功能化的，就会发现剧情也没多烧脑。整个第二幕的情节基本就是在解释他的时间设定，根本没必要怕看不懂。我因为认真看剪辑，在第一幕末两主角进第一次挪威保险库那段打斗就基本把他的时间设定猜出个大概了。10年前我算诺兰铁粉，但现在对诺兰真的是越发无感了。本来觉得《敦刻尔克》以后他可能要有点转变，谁想到《信条》一夜退步到解放前。电影不是逻辑游戏，当剧本的建构完全为了剧情本身复杂度和逻辑性和所谓高概念设定服务的时候，电影就被毁灭了。看懂《看不见的客人》《暗黑》《信条》这类影视剧带来的所谓智力快感和小学生某次数学作业得满分被老师表扬后获得的幼稚快感没有本质区别。
某四,未评分,1、我真的有退着进影厅！然而进去之后发现，嘿，来早了，广告都还没开始放呢（等开始放了又发现，欸，压根儿没广告啊），这黑咕隆咚的，我演得再认真也没人看得见啊，于是放弃了退着上台阶的危险计划……2、就拍电影儿吧，不是谁最聪明谁就顶了不起的那类活计，咱一有资源二有排面儿，飞机炸最大的，概念玩儿最奇的，连女主都找最高的……但我请您别为了“不一样”而偏执、而狂热、而魔怔。3、实话讲，大场面虽多，但在视觉奇观这块，小观众我并没有被满足到，情绪力亦不足，个人真心更喜欢《敦刻尔克》。4、然而无论如何都是救市之作，谢谢诺兰导演。
_H,4星,"在阿拉斯加旅行的最后一天去电影院“包场”看了提前放映场次。设定很有创意，进展很快所以观影时来不及思考剧本是否有太大漏洞。结尾还有个小小的催泪反转。“It’s the end of our story, and also the beginning of it.”"
当当,3星,看完以后有一种看不太明白也不想搞明白的疲惫
TheAmber,2星,这可能是至今为止诺兰最自恋的一部电影 直接自恋到放弃故事 成就一个牛逼的概念
JoeyLu陆柏宇,5星,从哆啦A梦时光机的角度去理解，就很容易明白
小楼。,2星,太土了。我几度以为诺兰要给我们一个四维世界的视角，但最后还是只是个逆转时间的破梗。
深津奈留,3星,视觉优秀但是剧情平庸（有被诺吹影响的预期落差），包装得更好一些的类型电影。
ミア,3星,我在努力想要理解诺兰在电影里阐述的时空概念，而诺兰却用剪辑和僵硬的对白来拒绝我。进入正逆（未来-过去）并行的后半段我整个lost track。如果情感嵌套于门槛如此高的故事概念当中，角色不应只是工具，而概念当然也不能只是导演的“孤芳自赏”。动作戏也很累赘。
tw,4星,目前外网的评分 到跟我的预期是一样的  大多数的负面评价指诺兰的这部信条 没有“心” 没有“灵魂” 那言下之意就是说这电影的剧情方面是比较不够富裕的 其实从李安的双子杀手之后 就已经透析了之后的好莱坞是偏向技术流的 “剧本慌”我觉得并没有很强的说服力 想象一下 美国的电影市场已经经历了80年的发展 已经“没有那么多的故事可以讲了”  技术革新是必然的  这种讲故事的载体也迟早会上升到另外一个高度  这一点同样可以放到卡梅隆的阿凡达2上  并且我觉得阿凡达2会是这一革新中真正的惊爆点
初音奥特曼,5星,"8.1分，这样看迟早会跌破8分，所以打5星了。看过诺兰所有电影，观感还是比《侠影之迷》强的。
梳理一下剧情:未来人好像因为环境恶化世界大战等因素，想杀死所有过去人然后生活在过去人的世界。发现逆转到过去黑科技的科学家良心发现自杀了，技术失传。未来人就利用过去的一个军火大佬重新搜集技术。军火大佬得了癌症老婆又跟他闹离婚，就想拉全世界一起陪葬。个人理解，起因差不多就是这个事吧。
这应该是诺兰电影中最没思想内涵的一部了，一部剧情复杂脑洞奇妙的007，在我眼中抵不过一部剧情平庸内核深厚的《失眠症》。"
蒋能杰,4星,够烧脑，也精彩。台词有点多，只能简单化去理解。@桃花岛观影团
回转艾丽卡,2星,大不列颠首席谜语人，鞭炮版前目的地
法号庙平,2星,刻意设定科技黑点来提升影片深度，人为提高观影门槛，并不是佳片该做的事。炫技可以，但作为商业电影，过分沉迷于炫技，通过剪辑造成信息碎片化，将本来就有bug的物理理论一再解构，以营造烧脑氛围，剧情和角色沦为工具，以至于影响观感，完全是舍本逐末。看电影的时候带点脑子和基本的逻辑思维能力，也不至于都嗷嗷叫的说烧脑。PS:烧脑营销都是耍流氓！
v.,4星,电影院出来：我好像知道他们大概在干嘛？？？看完影评：我知道个屁？？？但是，我必须说一句，时间错位的感情真好嗑我的心好痛。
懒人,2星,感觉很无聊，一场下来我身边的人都快睡着了
D调,5星,感觉看完不倒着走出影院都对不起诺兰啊！
阿奇波尔德,3星,多希望时间可以真的倒流啊，至少可以让诺兰回到那个6000美元拍出《追随》的年代。可IMAX真是加分啊，一个能让现代人逃离现实的伟大发明
张咏轩Wayne®,3星,如果诺兰拍《三体》的话，此生无憾了
汪喵行,5星,看完对着逆向的自动扶梯陷入了沉思
何倩彤,4星,一切亂象皆來自力有不逮：「別試著去理解，感受它。」敘事者也就逃之夭夭了。但儘管路蘭總撇不掉槍林彈雨，裡頭總是有種像那道旋轉門或龐貝石板一樣過於樸素幾近文物的情感內核。未爆的炸彈才是最有威力的——所以，從未得到的愛情，未遇上的朋友，未長大的兒子，才是最好的。每個人都在等待未來，但每個人都已經背叛了未來。剛巧這段日子，我也自覺和未來的自己深深相愛。將來的何倩彤必定會感激今天的何倩彤沒有放棄。今天的我咬緊牙關都是為了將來的這個她。不要把自己交給任何人，連嫉妒亦同樣。曾經我在公園的長椅上如此喃喃自語。
私享史,3星,"看到豆瓣显示喜欢本片的人最喜欢《双子杀手》我就放心了，两片唯一的共同点是其导演都被神化。诺兰之前的电影我都是一遍就看得明明白白，事实上这正是诺兰的能耐，能用复杂的方式把简单的故事一口气讲明白。反过来这也是诺兰的局限，来来回回只会一种讲故事的方式，听多了腻味。
本片仍然是个内核简单的故事，但我的确没看懂多处细节，也无意浪费时间再去搞懂。通常说一部电影难懂，是指观影者囿于自己的知识背景或人生阅历，暂时难以理解创作者的思想，等待多年以后再去懂。而本片难懂，仅仅是由于它的信息量太大太密，观众一时间难以消化。一部过三年再看才看懂的电影，是高级的，而一部过三天再看才看懂的电影，是低级的。
我担心如今的诺兰和李安一样，都陷入了某种执念中不能自拔，这往往是艺术家创造力巅峰逝去开始走下坡路的征兆。【捷登飞扬】"
柴禾-ChaiHe,未评分,终于明白诺兰粉了，虽然我也没有多喜欢这片（作为强控制类型的导演，如果你能体会他有框架的浪漫主义，会喜欢他的人胜过他的片吧
老刀,3星,商业电影的观影对象应该是普罗大众，让普罗大众看不懂的电影，这本身是不是陷入“祖父悖论”？好吧，一遍看不懂，那就多刷几遍呗，这也是提高票房的手段？喜欢的固然去刷，然鹅，广大吃瓜群众不会二刷的。作为商业电影也许是失败了……
加肥猫,3星,我使劲儿掐自己才没有在影院昏睡过去。
九個9,2星,操作猛如虎，战绩零杠五
Aray,3星,时间逆行这么抽象的设定，但在表现手法却只选了几个符号化的特征映射做全局的具象化呈现，未免也太粗糙了。我司财务分账分了几级之后的逆流程复杂度都比这片子高。
酸砂软糖,3星,观众真的不必迁就克里斯托弗诺兰。不如看点科幻小说。炫酷还是炫酷的四星就不必了（）
韦斯安徒生,5星,"剧透预警：
前段，诺兰牛掰！
！掰牛兰诺，段中
！后掰段牛，兰诺诺兰，牛段掰后！"
迪迪迪！,3星,看完一头问号，也不想深究了，这部片子唯一的作用就是让我get到了罗伯特的帅，不得不说那个反派和他老婆的故事真的挺晋江女频的，我都怀疑主创看过挺多网文…
门兴的帕特里克,5星,"看不懂的朋友去B站搜索up主 迷影至下Filmlast或者大聪看电影
所有人都看不懂的叫皇帝的新衣 有人看懂了你没看懂的怎么能叫皇帝的新衣？
看到一个评论很有趣 说是用堆栈的进栈出栈概念去理解正向逆向就比较好懂 程序员表示很淦
另外 这部的人设确实弱化了 而且跟星际穿越有同一个问题 就是去试探人类物理学的边界 还没法解释清楚的东西 提出自己的思考是很好 但很容易陷入悖论中 但是这个逻辑设定还是值得加一颗星
那就给9分吧 毕竟还是有物理上的Bug"
神仙鱼,2星,信息轰炸确实是，有些没想明白的地方，但问题是电影本身实在不好看，没有任何能打动我去再看一遍的东西，连去看影片解析搞懂没明白的地方的力气都不想耗费。唯一能感到欣喜的是Robert Pattinson的角色。
小晨,未评分,天呐这是非逼我再看一遍吗，看生肉太可怕了吧，俄罗斯口音和英音也就算了，但不是隔着面具就是超强音乐或者直升机嗡嗡嗡，听的狗屁说的是啥啊。我完全不知道打几分，真的是看的懵。男主演的太刻意了。
★Lachesis★,4星,“We live in a twilight world”=《你名》里的逢魔之时？｜虽然很厉害但远远不像《盗梦空间》一样让我有再刷的欲望｜打戏太多&音乐太吵 除了“高妹的颜值才配得上爱马仕和高定套装”和“忽然get到了水上划艇之美”之外没啥审美体验｜中心思想=《宝莲灯》？｜逆世界是不是吃得越少越容易增肥（那我可老开心了
林夕已被占用,3星,整体有些失望，当然还是诺兰式的视听感受，是一次崭新的体验。只是这一部在细节上的处理不太禁得起推敲，一旦把诺兰高概念的设定只是囫囵吞枣地全盘接受下来，这其实就是一个非常好莱坞的平常故事。我最喜欢的是结尾，“我在起点等你”的告别，也大概是诺兰电影中最浪漫的一幕。另外，这几个演员放一起，总感觉违和。
b1ur,3星,大可不必
木矛木心,3星,"除了逆时战争两时向夹击的大手笔，其他真的没必要。
无话可说的“逆时”，还不如《looper》，有点良心发现和人物成长。
人物全不成立的，一边要避种族主义，一边又充斥冷战恶臭和厌女痼疾。
真是讨厌为了刻意迎合某种迷影文化而拍的东西。
我觉得关键还是人物塑造的黑洞，补不上的。比起来，我宁愿想念cob和被他困在梦里的老婆。"
igrɛkonze,3星,well看完我最不明白的是為什麼真的有人看不懂 以及營銷全部都用看不懂來營銷  明明所有事都被明明白白說出來 所有tricks和tips都被標記得很清楚 導演用了兩個半小時告訴觀眾在拍什麼 何來不懂？故事的謎底很早就被揭開了 然後我覺得五方很棒（。我相信這是因為電影的魔力（。
[已注销],4星,只能说理念和大体方面看懂了，但没有精力去分析细节和捋顺所有逻辑了。不过诺兰作品的好处在于不论再怎么耍花样都始终保持很强的电影感，所以即使有心理准备不是自己喜欢的题材也愿意体验这种高质量的电影感。人物对白几乎全部正儿八经的正反打，汇聚正反时间流的动作场面观感也很奇特，加上一如既往大师级的配乐，IMAX体验还是非常不错的。
丧失书宇兽,3星,看懂了，一切都是命运石之门的选择！（雾
風知道,未评分,with泽。豆瓣逆向手表，回到过去，预知未来，拯救人类，守护世界的和平，贯彻爱与真实的邪恶，可爱又迷人的反派角色，误，总而言之，你值得拥有，
michaelchao_cc,3星,我不认为玩结构的片子就是好片子。我更愿意把这片子看成一部实验电影，复杂叙事结构的尝试，并且不太成功。尽管一些事后暂停回放逐帧分析等方法是能搞明白的，但作为电影，尤其是院线商业片，不应该这么搞。电影的视听连贯性和流畅度很重要，本片为了结构的复杂度，舍弃了观众的感知度。除此之外，本片在结构上走向极致，也舍弃了一些本应该包含的人文或情感，让整个剧作人物动机只为复杂结构服务。最后的结局就是无触动，不走心。当然，片中本应该交代清楚的事情如逆转的原理方式省略解释，让第三幕中最后一场大战显得莫名其妙，失去了其情感爆发的作用，就是交叉剪辑也没无法让这最后一分钟营救有着充沛的情感。
斯齊佐飛力尼克,3星,概念是炫的，但是故事是不新鲜而且离地的，诺兰对《Dunkirk》执念太深，要自圆其说地把概念说得清晰已经让节奏很绕了，还非得加战争的人海场面，整个混乱了得。
张华弥,2星,Time Inversion，障眼法还是遮羞布
舒农,2星,因为不要理解要感受，但感受太差了，所以又只能陷入强行理解的怪圈。但问题在于，能看懂阿兹卡班的囚徒的人，就不应该假装说自己看不懂。
小羊,4星,"1诺兰很喜欢小朋友，也喜欢把家庭落在小朋友身上；
2诺兰很喜欢物理，起码是个博士水平的爱好者；
3精彩但不惊艳；
4呈现出来，比环形使者或银翼杀手都差了一点；
5一直在等那个爆点，一直没有来。这一点让我想到双子杀手。两位表现平平的天才。"
晓洛,3星,剧本的人物设定薄的跟纸一样。跪舔白富美的舔狗，无脑愚忠BOSS毁灭世界的打手，哎呀～俄国BOSS又要毁灭世界了，黑人再次拯救世界，政治正确万岁。
YthguaN,4星,连刷两场 设定和细节都摸懂了的情况下依旧不能算喜欢 影迷都说诺兰不擅长处理情感 但是我能在致命魔术里看到博弈和牺牲 能在记忆碎片里看到愤怒与自赎 在蝙蝠侠里看到勇气与责任 在盗梦空间里看到悔悟和取舍 在星际穿越里看到温柔和坚定 在敦克尔克里看到希望和绝望 这些力量推动着剧情发展 也令观众沉浸在视觉爆炸的同时产生强烈的感情纽带 但在信条里 我看不到角色之间任何的情感 我接收到的是 一个我不熟悉的时空的不断轰炸与逼迫 观感体验并不爽快或说舒适 而且我也不打算看第三遍了
13,3星,真的受不了诺兰了...完全陷入科技逻辑的迷思，对人类在这其中的感情价值讨论并不深入。实在不是我的菜，让理工男去自嗨去吧。我真的在诺兰身上看到了他对于自我逻辑和智力的自恋，再这样缺乏对人文情感的关注，这样的人真使我害怕。
Dakota🐈,3星,难懂又无趣，混乱且空虚，根本懒得去理解到底发生了什么。
what'swilliam,3星,3.3星。这是一部配合说明书观看都可能懵X的电影。1.本片最大败笔也是我最无法接受的是，在花里胡哨的逻辑和时间线背后是一个无聊且毫不动人的故事，主角一个赛一个无趣。2.本片之于诺兰类似《双子杀手》之于李安。3.导演真的好喜欢配乐轰炸耳膜。4.“把握当下”的主题其实也还行，但早已淹没在导演玩弄时间的自我沉醉中，观众想看到主题要先拨开很多乱象，严重一点，我想用“假鬼假怪”形容本片，我觉得导演进入了一个偏执期。5.比起片中那些物理术语，观影时我更多的疑问其实来自于“他们现在在哪？他们是谁？现在谁和谁在打？”这样的电影，我无福消受。
应用层协议,3星,高概念凌驾一切，密集的对白，平庸的视听（好吧里边可能埋着一万多个等着各路影视up主去挖掘的精妙设计），每段单场戏之沉闷，让我忍不住回想诺兰以前的电影到底好看在哪。继续这么拍吧，拍电影的、看电影的，都沉醉在自己智商超群的梦境之中，不用醒了。
kylegun,5星,子弹回膛，爆炸吸人，倒带飙车，因果分队大乱战；自旋相反粒子来自倒流时空，反熵时间旅行即一次自我复制，想法蛮开心，细究便完蛋；诺兰总喜欢拿出个高概念来之后重军火狂轰滥炸，但其实精巧处还是在小动作场面的设计上，比如这部的机场正反时空肉搏，《Inception》则是失重长廊；单就视效说来，《Doctor Strange》好像是《Inception》和《Tenet》的承上启下之作？
AilsonAir,3星,《信条》，从入门到放弃。诺兰这明明是路走窄了。概念和结构层面上单纯的炫技，从旁观而非解谜的视角上来看，已经毫无趣味可言了。毕竟我也不是年轻气盛看什么都新奇的年纪了，这种拿时间空间高维度概念乱砸的烧脑，对于我不等于刺激，等于辛苦和乏味。我每天上班要解决的问题已经够费逻辑思维那部分脑子了，累了。我喜欢的真正从感官意识上玩弄时间，还是要吹《去年在马里昂巴德》。
不够一梦,2星,永别了诺兰。
解放西井斯塔,4星,三个沙雕一起看完，我为智商自豪:“每次我都猜到神秘人就是未来的他们了，都是套路！”我妹为CP感动:“尼尔竟然为了救小黑（六次！）甘愿承受逆行的孤独！还长得那么帅！”与此同时我家直男:“机器猫真是太牛逼了！什么创意都想过了！”我和我妹:蛤？？？？
马吟吟,未评分,正的死是死，逆的死是任务失败，是这意思吗
要丸,4星,#诺兰08 看不懂！但并不是一个逻辑上的看不懂，而是一个单纯视觉上的看不懂。其实对于故事的始末，物理层面的世界观逻辑，这些仔细看都不难理解 。但那些正向逆向交错在一起的时候，真的是眼花缭乱，绕得你理不清动作的头绪（特别是最后的大战！）节奏最赶的一部诺兰，让你来不及思考，也是应了里面的台词，去感受，而不是试图去理解它。算是过了一把拍特工片的瘾，动作戏也有了不小进步，本质还是他最关心的time&love。关于宿命论这点导演和我太契合了，不管多悲情多无力都依旧是充满爱的。
京客隆小丸子,5星,烧脑巨作。未来的你告诉现在的你要去找过去的你。
